artist,id,track_name,danceability,energy,key,loudness,mode,speechiness,acousticness,instrumentalness,liveness,valence,tempo,artist_pop,genres,track_pop,genres_list
Gen Hoshino,5SuOikwiRyPMVoIQDJUgSV,Comedy,0.676,0.461,1,-6.746,0,0.143,0.0322,1.01e-06,0.358,0.715,87.917,62.0,j-acoustic j-pop japanese_singer-songwriter,69,"['j-acoustic', 'j-pop', 'japanese_singer-songwriter']"
Ben Woodward,4qPNDBW1i3p13qLCt0Ki3A,Ghost - Acoustic,0.42,0.166,1,-17.235,1,0.0763,0.924,5.56e-06,0.101,0.267,77.489,46.0,acoustic_chill,49,['acoustic_chill']
Ingrid Michaelson;ZAYN,1iJBSr7s7jYXzM8EGcbK5b,To Begin Again,0.438,0.359,0,-9.734,1,0.0557,0.21,0.0,0.117,0.12,76.332,58.0,acoustic_pop ectofolk lilith neo_mellow,54,"['acoustic_pop', 'ectofolk', 'lilith', 'neo_mellow']"
Kina Grannis,6lfxq3CG4xtTiEg7opyCyx,Can't Help Falling In Love,0.266,0.0596,0,-18.515,1,0.0363,0.905,7.07e-05,0.132,0.143,181.74,59.0,acoustic_pop viral_pop,70,"['acoustic_pop', 'viral_pop']"
Chord Overstreet,5vjLSffimiIP26QG5WcN2K,Hold On,0.618,0.443,2,-9.681,1,0.0526,0.469,0.0,0.0829,0.167,119.949,62.0,acoustic_pop,82,['acoustic_pop']
Tyrone Wells,01MVOl9KtVTNfFiBU9I7dc,Days I Will Remember,0.688,0.481,6,-8.807,1,0.105,0.289,0.0,0.189,0.666,98.017,45.0,acoustic_pop neo_mellow,0,"['acoustic_pop', 'neo_mellow']"
A Great Big World;Christina Aguilera,6Vc5wAMmXdKIAM7WUoEb7N,Say Something,0.407,0.147,2,-8.822,1,0.0355,0.857,2.89e-06,0.0913,0.0765,141.284,60.0,neo_mellow piano_rock pop_rock viral_pop,76,"['neo_mellow', 'piano_rock', 'pop_rock', 'viral_pop']"
Jason Mraz,1EzrEOXmMH3G43AXT1y7pA,I'm Yours,0.703,0.444,11,-9.331,1,0.0417,0.559,0.0,0.0973,0.712,150.96,72.0,acoustic_pop dance_pop neo_mellow pop,81,"['acoustic_pop', 'dance_pop', 'neo_mellow', 'pop']"
Jason Mraz;Colbie Caillat,0IktbUcnAGrvD03AWnz3Q8,Lucky,0.625,0.414,0,-8.7,1,0.0369,0.294,0.0,0.151,0.669,130.088,72.0,acoustic_pop dance_pop neo_mellow pop,74,"['acoustic_pop', 'dance_pop', 'neo_mellow', 'pop']"
Ross Copperman,7k9GuJYLp2AzqokyEdwEw2,Hunger,0.442,0.632,1,-6.77,1,0.0295,0.426,0.00419,0.0735,0.196,78.899,42.0,acoustic_pop piano_rock,59,"['acoustic_pop', 'piano_rock']"
Zack Tabudlo,4mzP5mHkRvGxdhdGdAH7EJ,Give Me Your Forever,0.627,0.363,8,-8.127,1,0.0291,0.279,0.0,0.0928,0.301,99.905,69.0,acoustic_opm opm p-pop,76,"['acoustic_opm', 'opm', 'p-pop']"
Jason Mraz,5ivF4eQBqJiVL5IAE9jRyl,I Won't Give Up,0.483,0.303,4,-10.058,1,0.0429,0.694,0.0,0.115,0.139,133.406,72.0,acoustic_pop dance_pop neo_mellow pop,72,"['acoustic_pop', 'dance_pop', 'neo_mellow', 'pop']"
Dan Berk,4ptDJbJl35d7gQfeNteBwp,Solo,0.489,0.314,7,-9.245,0,0.0331,0.749,0.0,0.113,0.607,124.234,45.0,acoustic_chill,45,['acoustic_chill']
Anna Hamilton,0X9MxHR1rTkEHDjp95F2OO,Bad Liar,0.691,0.234,3,-6.441,1,0.0285,0.777,0.0,0.12,0.209,87.103,40.0,acoustic_chill,60,['acoustic_chill']
Chord Overstreet;Deepend,4LbWtBkN82ZRhz9jqzgrb3,Hold On - Remix,0.755,0.78,2,-6.084,1,0.0327,0.124,2.83e-05,0.121,0.387,120.004,62.0,acoustic_pop,53,['acoustic_pop']
Landon Pigg,1KHdq8NK9QxnGjdXb55NiG,Falling in Love at a Coffee Shop,0.489,0.561,4,-7.933,1,0.0274,0.2,4.56e-05,0.179,0.238,83.457,41.0,acoustic_pop,56,['acoustic_pop']
Andrew Foy;Renee Foy,6xKeQgzfjixSUld14qUezm,ily (i love you baby),0.706,0.112,2,-18.098,1,0.0391,0.827,4.03e-06,0.125,0.414,110.154,42.0,acoustic_guitar_cover,53,['acoustic_guitar_cover']
Andrew Foy;Renee Foy,4Yo0igmcoNyat1secaH0OD,At My Worst,0.795,0.0841,10,-18.09,0,0.0461,0.742,1.17e-05,0.0853,0.609,91.803,42.0,acoustic_guitar_cover,52,['acoustic_guitar_cover']
Jason Mraz;Colbie Caillat,2qLMf6TuEC3ruGJg4SMMN6,Lucky,0.625,0.414,0,-8.7,1,0.0369,0.294,0.0,0.151,0.669,130.088,72.0,acoustic_pop dance_pop neo_mellow pop,75,"['acoustic_pop', 'dance_pop', 'neo_mellow', 'pop']"
Boyce Avenue;Bea Miller,6CgNoAbFJ4Q4Id4EjtbXlC,Photograph,0.717,0.32,3,-8.393,1,0.0283,0.83,0.0,0.107,0.322,107.946,67.0,acoustic_cover neo_mellow viral_pop,67,"['acoustic_cover', 'neo_mellow', 'viral_pop']"
Jason Mraz,3S0OXQeoh0w6AY8WQVckRW,I'm Yours,0.703,0.444,11,-9.331,1,0.0417,0.559,0.0,0.0973,0.712,150.96,72.0,acoustic_pop dance_pop neo_mellow pop,85,"['acoustic_pop', 'dance_pop', 'neo_mellow', 'pop']"
Boyce Avenue;Jennel Garcia,210JCw2LbYD4YIs8GiZ9iP,Demons,0.678,0.351,0,-8.654,1,0.0266,0.747,0.0,0.355,0.569,90.032,67.0,acoustic_cover neo_mellow viral_pop,62,"['acoustic_cover', 'neo_mellow', 'viral_pop']"
A Great Big World;Christina Aguilera,5TvE3pk05pyFIGdSY9j4DJ,Say Something,0.407,0.147,2,-8.822,1,0.0355,0.857,2.89e-06,0.0913,0.0765,141.284,60.0,neo_mellow piano_rock pop_rock viral_pop,73,"['neo_mellow', 'piano_rock', 'pop_rock', 'viral_pop']"
Jason Mraz,0BUuuEvNa5T4lMaewyiudB,93 Million Miles,0.572,0.454,3,-10.286,1,0.0258,0.477,1.37e-05,0.0974,0.515,140.182,72.0,acoustic_pop dance_pop neo_mellow pop,4,"['acoustic_pop', 'dance_pop', 'neo_mellow', 'pop']"
Jason Mraz,3Hn3LfhrQOaKihdCibJsTs,Unlonely,0.796,0.667,5,-4.831,0,0.0392,0.381,0.0,0.221,0.754,97.988,72.0,acoustic_pop dance_pop neo_mellow pop,0,"['acoustic_pop', 'dance_pop', 'neo_mellow', 'pop']"
Jason Mraz,6D33wCKzWtNEgOovgeVJ7r,Bella Luna,0.755,0.454,9,-9.609,0,0.0352,0.757,0.0,0.236,0.33,120.06,72.0,acoustic_pop dance_pop neo_mellow pop,2,"['acoustic_pop', 'dance_pop', 'neo_mellow', 'pop']"
Jason Mraz,5IfCZDRXZrqZSm8AwE44PG,Winter Wonderland,0.62,0.309,5,-9.209,1,0.0495,0.788,0.0,0.146,0.664,145.363,72.0,acoustic_pop dance_pop neo_mellow pop,0,"['acoustic_pop', 'dance_pop', 'neo_mellow', 'pop']"
Jason Mraz,0dzKBptH2P5j5a0MifBMwM,If It Kills Me,0.633,0.429,4,-6.784,0,0.0381,0.0444,0.0,0.132,0.52,143.793,72.0,acoustic_pop dance_pop neo_mellow pop,0,"['acoustic_pop', 'dance_pop', 'neo_mellow', 'pop']"
Jason Mraz,5QAMZTM5cmLg3fHX9ZbTZi,Winter Wonderland,0.62,0.309,5,-9.209,1,0.0495,0.788,0.0,0.146,0.664,145.363,72.0,acoustic_pop dance_pop neo_mellow pop,0,"['acoustic_pop', 'dance_pop', 'neo_mellow', 'pop']"
Jason Mraz,2qESE1ZeWly7I3YjyTXmXh,Winter Wonderland,0.62,0.309,5,-9.209,1,0.0495,0.788,0.0,0.146,0.664,145.363,72.0,acoustic_pop dance_pop neo_mellow pop,0,"['acoustic_pop', 'dance_pop', 'neo_mellow', 'pop']"
Jason Mraz,3EQV1ZHtHvq9OnVRYIdbg3,Winter Wonderland,0.62,0.309,5,-9.209,1,0.0495,0.788,0.0,0.146,0.664,145.363,72.0,acoustic_pop dance_pop neo_mellow pop,0,"['acoustic_pop', 'dance_pop', 'neo_mellow', 'pop']"
Jason Mraz,3ax0rfGb7exLtl02LL08U9,Winter Wonderland,0.62,0.309,5,-9.209,1,0.0495,0.788,0.0,0.146,0.664,145.363,72.0,acoustic_pop dance_pop neo_mellow pop,0,"['acoustic_pop', 'dance_pop', 'neo_mellow', 'pop']"
Chord Overstreet,1m5LC29RE52Bxy7hxvpOlL,All I Want For Christmas Is A Real Good Tan,0.593,0.455,6,-8.192,1,0.0388,0.366,0.0,0.0914,0.564,202.019,62.0,acoustic_pop,0,['acoustic_pop']
Brandi Carlile;Sam Smith,3H36x7buZdQD4687VmFrwY,Party of One,0.296,0.206,0,-11.799,1,0.0412,0.782,0.000225,0.0959,0.202,165.4,65.0,acoustic_pop ectofolk folk indie_folk lilith modern_folk_rock new_americana,0,"['acoustic_pop', 'ectofolk', 'folk', 'indie_folk', 'lilith', 'modern_folk_rock', 'new_americana']"
Brandi Carlile;Sam Smith,0xbMRcMFqxJq1Wa7tvWPtn,Party of One,0.296,0.206,0,-11.799,1,0.0412,0.782,0.000225,0.0959,0.202,165.4,65.0,acoustic_pop ectofolk folk indie_folk lilith modern_folk_rock new_americana,0,"['acoustic_pop', 'ectofolk', 'folk', 'indie_folk', 'lilith', 'modern_folk_rock', 'new_americana']"
Brandi Carlile;Sam Smith,6h061f44HZPj1OXO2nA45d,Party of One,0.296,0.206,0,-11.799,1,0.0412,0.782,0.000225,0.0959,0.202,165.4,65.0,acoustic_pop ectofolk folk indie_folk lilith modern_folk_rock new_americana,0,"['acoustic_pop', 'ectofolk', 'folk', 'indie_folk', 'lilith', 'modern_folk_rock', 'new_americana']"
KT Tunstall,62EwQLDw0dprDzuLwQ0sH1,Lonely This Christmas,0.409,0.153,6,-10.74,0,0.0306,0.939,2.56e-05,0.108,0.18,85.262,61.0,ectofolk lilith neo_mellow pop_rock scottish_singer-songwriter,0,"['ectofolk', 'lilith', 'neo_mellow', 'pop_rock', 'scottish_singer-songwriter']"
Brandi Carlile,3lvo0I8c2qBJDLZWqExDgC,Throwing Good After Bad,0.501,0.0952,2,-12.931,1,0.054,0.963,1.58e-05,0.0915,0.316,138.016,65.0,acoustic_pop ectofolk folk indie_folk lilith modern_folk_rock new_americana,0,"['acoustic_pop', 'ectofolk', 'folk', 'indie_folk', 'lilith', 'modern_folk_rock', 'new_americana']"
Brandi Carlile,1ae8XfBQ3fDEvmBjFaemGV,This Time Tomorrow,0.606,0.326,10,-10.031,1,0.0294,0.841,0.0,0.139,0.414,91.626,65.0,acoustic_pop ectofolk folk indie_folk lilith modern_folk_rock new_americana,2,"['acoustic_pop', 'ectofolk', 'folk', 'indie_folk', 'lilith', 'modern_folk_rock', 'new_americana']"
KT Tunstall,0adVktNVJXPZfhQe6B1NO5,Lonely This Christmas,0.409,0.153,6,-10.74,0,0.0306,0.939,2.56e-05,0.108,0.18,85.262,61.0,ectofolk lilith neo_mellow pop_rock scottish_singer-songwriter,0,"['ectofolk', 'lilith', 'neo_mellow', 'pop_rock', 'scottish_singer-songwriter']"
Eddie Vedder,6sp6Vx3sv2l5qxPfbQkcyt,The Haves,0.474,0.519,7,-5.291,1,0.0253,0.281,0.0,0.107,0.326,151.832,61.0,acoustic_rock grunge permanent_wave,0,"['acoustic_rock', 'grunge', 'permanent_wave']"
Brandi Carlile,1WFVfVjCtbmdIv7j3Fa9iy,When You're Wrong,0.568,0.301,10,-10.163,0,0.0373,0.796,3.37e-06,0.118,0.142,88.029,65.0,acoustic_pop ectofolk folk indie_folk lilith modern_folk_rock new_americana,0,"['acoustic_pop', 'ectofolk', 'folk', 'indie_folk', 'lilith', 'modern_folk_rock', 'new_americana']"
Brandi Carlile;Lucius,0e5PAxSyZ5DWWVqKANHETz,You and Me on the Rock,0.568,0.686,1,-6.635,1,0.033,0.15,1.81e-06,0.0881,0.725,172.075,65.0,acoustic_pop ectofolk folk indie_folk lilith modern_folk_rock new_americana,0,"['acoustic_pop', 'ectofolk', 'folk', 'indie_folk', 'lilith', 'modern_folk_rock', 'new_americana']"
Brandi Carlile;Lucius,1MLr9b1fOybO3MGiLy47Ys,You and Me on the Rock,0.568,0.686,1,-6.635,1,0.033,0.15,1.81e-06,0.0881,0.725,172.075,65.0,acoustic_pop ectofolk folk indie_folk lilith modern_folk_rock new_americana,0,"['acoustic_pop', 'ectofolk', 'folk', 'indie_folk', 'lilith', 'modern_folk_rock', 'new_americana']"
Brandi Carlile,6JGjevTaqr9J1xp7YvYUKF,"Speak Your Mind (From the Netflix Series ""We The People"")",0.476,0.666,6,-3.438,1,0.0446,0.314,0.0,0.342,0.498,148.155,65.0,acoustic_pop ectofolk folk indie_folk lilith modern_folk_rock new_americana,0,"['acoustic_pop', 'ectofolk', 'folk', 'indie_folk', 'lilith', 'modern_folk_rock', 'new_americana']"
Brandi Carlile;Lucius,7Af2YlwMZryKOQiRfwMsD2,You and Me on the Rock,0.568,0.686,1,-6.635,1,0.033,0.15,1.81e-06,0.0881,0.725,172.075,65.0,acoustic_pop ectofolk folk indie_folk lilith modern_folk_rock new_americana,0,"['acoustic_pop', 'ectofolk', 'folk', 'indie_folk', 'lilith', 'modern_folk_rock', 'new_americana']"
Brandi Carlile;Lucius,3RE5nHIVkC4KcA7snFaTKd,You and Me on the Rock,0.568,0.686,1,-6.635,1,0.033,0.15,1.81e-06,0.0881,0.725,172.075,65.0,acoustic_pop ectofolk folk indie_folk lilith modern_folk_rock new_americana,0,"['acoustic_pop', 'ectofolk', 'folk', 'indie_folk', 'lilith', 'modern_folk_rock', 'new_americana']"
Brandi Carlile;Lucius,0JvkNRyq8Tmot9khpdtN0I,You and Me on the Rock,0.568,0.686,1,-6.635,1,0.033,0.15,1.81e-06,0.0881,0.725,172.075,65.0,acoustic_pop ectofolk folk indie_folk lilith modern_folk_rock new_americana,0,"['acoustic_pop', 'ectofolk', 'folk', 'indie_folk', 'lilith', 'modern_folk_rock', 'new_americana']"
Brandi Carlile;Lucius,27gHtbsHClwimHFtKgFop4,You and Me on the Rock,0.568,0.686,1,-6.635,1,0.033,0.15,1.81e-06,0.0881,0.725,172.075,65.0,acoustic_pop ectofolk folk indie_folk lilith modern_folk_rock new_americana,0,"['acoustic_pop', 'ectofolk', 'folk', 'indie_folk', 'lilith', 'modern_folk_rock', 'new_americana']"
Brandi Carlile;Lucius,1QBNBGeIRRGBnLhdlHbfI8,You and Me on the Rock,0.568,0.686,1,-6.635,1,0.033,0.15,1.81e-06,0.0881,0.725,172.075,65.0,acoustic_pop ectofolk folk indie_folk lilith modern_folk_rock new_americana,0,"['acoustic_pop', 'ectofolk', 'folk', 'indie_folk', 'lilith', 'modern_folk_rock', 'new_americana']"
Highland Peak,72xTsTouZ5nBmASX8k1XCW,Trampoline - Acoustic,0.596,0.2,0,-10.424,0,0.0305,0.91,0.000183,0.0884,0.308,107.893,38.0,acoustic_chill,38,['acoustic_chill']
Motohiro Hata,3ILmwMefYZoQh5Cf5jeuUQ,透明だった世界,0.373,0.914,0,-4.185,1,0.0565,0.076,0.0,0.669,0.56,168.21,54.0,j-acoustic j-pop j-rock japanese_singer-songwriter,61,"['j-acoustic', 'j-pop', 'j-rock', 'japanese_singer-songwriter']"
Andrew Belle,2DHDuADAHoUW6n0z80RLQF,Pieces,0.494,0.652,6,-5.863,0,0.0314,0.0754,0.00256,0.125,0.298,137.018,53.0,acoustic_pop,59,['acoustic_pop']
Ron Pope,5JDcQAztvZTIkrWoZihgvC,A Drop in the Ocean,0.447,0.393,5,-8.65,1,0.038,0.785,0.0,0.28,0.564,73.139,54.0,acoustic_pop neo_mellow piano_rock viral_pop,72,"['acoustic_pop', 'neo_mellow', 'piano_rock', 'viral_pop']"
Adam Christopher,2sYFi9xVSZ56WHKSY2fN1K,So Far Away - Acoustic,0.576,0.331,6,-9.389,0,0.0306,0.894,3.44e-05,0.129,0.407,149.02,47.0,acoustic_cover,51,['acoustic_cover']
Andrew Belle,6xJOhSm4SvZwzy3uhWz26O,The Enemy,0.536,0.89,1,-5.222,1,0.0375,0.078,0.0202,0.131,0.273,121.974,53.0,acoustic_pop,56,['acoustic_pop']
Aron Wright,7lLKxcNeJtDTWVRKHovLEC,Build It Better,0.526,0.333,4,-13.02,1,0.0314,0.91,0.168,0.111,0.159,94.951,42.0,acoustic_pop deep_acoustic_pop,53,"['acoustic_pop', 'deep_acoustic_pop']"
Chord Overstreet,25UzeaV47eDT44Fovve6xQ,Sleepwalking in the Rain,0.501,0.381,0,-9.448,1,0.036,0.687,0.00133,0.119,0.502,80.075,62.0,acoustic_pop,27,['acoustic_pop']
Sara Bareilles,4oa14QBfWRDfJy2agySy0L,Gravity,0.27,0.275,0,-10.357,1,0.0356,0.834,0.0,0.146,0.231,168.964,64.0,acoustic_pop ectofolk lilith neo_mellow pop_rock post-teen_pop viral_pop,68,"['acoustic_pop', 'ectofolk', 'lilith', 'neo_mellow', 'pop_rock', 'post-teen_pop', 'viral_pop']"
Chord Overstreet,2gRKq9rIC5i1zuxp06zJWH,What's Left of You,0.731,0.507,0,-6.477,1,0.046,0.572,0.0,0.0912,0.265,117.969,62.0,acoustic_pop,65,['acoustic_pop']
Zack Tabudlo,08MFgEQeVLF37EyZ7jcwLc,Pano,0.375,0.457,3,-7.018,1,0.0315,0.868,0.0145,0.191,0.415,174.839,69.0,acoustic_opm opm p-pop,75,"['acoustic_opm', 'opm', 'p-pop']"
Andrew Belle,6nXIYClvJAfi6ujLiKqEq8,Sky's Still Blue,0.43,0.791,6,-5.419,0,0.0302,0.0726,0.0193,0.11,0.217,171.864,53.0,acoustic_pop,53,['acoustic_pop']
Kurt Cobain,7x4b0UccXSKBWxWmjcrG2T,And I Love Her,0.616,0.282,1,-15.317,1,0.0331,0.983,0.833,0.13,0.435,96.638,50.0,acoustic_rock grunge,67,"['acoustic_rock', 'grunge']"
Boyce Avenue;Bea Miller,6owKuyHxUqidcAA6fPKSyy,We Can't Stop,0.705,0.347,2,-8.249,1,0.0301,0.674,0.0,0.12,0.36,80.057,67.0,acoustic_cover neo_mellow viral_pop,65,"['acoustic_cover', 'neo_mellow', 'viral_pop']"
Tim Halperin,0wbmIfvndFV9VDvuUY1pYN,Always Be My Baby,0.582,0.255,4,-10.254,1,0.0306,0.772,0.0,0.0889,0.285,139.884,48.0,channel_pop indiecoustica,0,"['channel_pop', 'indiecoustica']"
Canyon City,3e5yu9MkIvQx17mm7LF6KY,Alone with You,0.549,0.274,1,-12.565,1,0.0379,0.798,6.63e-06,0.103,0.207,86.664,45.0,acoustic_pop indie_anthem-folk indiecoustica modern_indie_folk,50,"['acoustic_pop', 'indie_anthem-folk', 'indiecoustica', 'modern_indie_folk']"
Aaron Espe,6VwAh8Z1d5YKoSWoEaV4db,Making All Things New,0.787,0.355,0,-11.429,1,0.0288,0.896,0.0201,0.111,0.48,99.978,48.0,modern_indie_folk stomp_and_flutter,66,"['modern_indie_folk', 'stomp_and_flutter']"
Sara Bareilles,2D4BSm5Z8Hq5zYbSgJwEOh,She Used To Be Mine,0.397,0.303,5,-7.508,1,0.0435,0.381,0.0,0.101,0.172,81.05,64.0,acoustic_pop ectofolk lilith neo_mellow pop_rock post-teen_pop viral_pop,68,"['acoustic_pop', 'ectofolk', 'lilith', 'neo_mellow', 'pop_rock', 'post-teen_pop', 'viral_pop']"
Andrew Belle,7LwGBxB0h0CVmkOZxYKn0g,In My Veins - Feat. Erin Mccarley,0.548,0.42,0,-7.842,1,0.0277,0.198,4.46e-06,0.0899,0.196,128.012,53.0,acoustic_pop,63,['acoustic_pop']
Tyler Ward,0ZwdH0m32I8odedwvspYTh,I Don't Wanna Live Forever (Fifty Shades Darker),0.787,0.403,0,-11.989,1,0.033,0.603,0.00857,0.131,0.264,118.042,50.0,acoustic_cover viral_pop,36,"['acoustic_cover', 'viral_pop']"
Ron Pope,16dkWKIlBsfYTISCVuDs0w,A Drop In the Ocean,0.484,0.573,5,-6.183,1,0.0298,0.0882,1.14e-06,0.15,0.346,139.966,54.0,acoustic_pop neo_mellow piano_rock viral_pop,60,"['acoustic_pop', 'neo_mellow', 'piano_rock', 'viral_pop']"
Five For Fighting,3TwtrR1yNLY1PMPsrGQpOp,Superman (It's Not Easy),0.382,0.416,0,-9.303,1,0.0302,0.0733,0.0,0.0719,0.125,102.089,55.0,neo_mellow piano_rock pop_rock,71,"['neo_mellow', 'piano_rock', 'pop_rock']"
Andrew Belle,3Et4LKZLnXygPYfNdeB3D3,When the End Comes,0.541,0.575,9,-9.463,1,0.0491,0.677,0.215,0.102,0.428,91.98,53.0,acoustic_pop,52,['acoustic_pop']
Bailey Jehl,2E9viCx0hJKNKNThd2MdGQ,You're Still The One,0.607,0.473,2,-8.555,1,0.034,0.712,0.0,0.66,0.54,119.698,51.0,acoustic_chill,0,['acoustic_chill']
Ingrid Michaelson,0Zf1BPkkFAWGtVHeBwHHz4,Light Me Up,0.417,0.595,6,-7.84,1,0.0396,0.158,0.000269,0.101,0.117,147.928,58.0,acoustic_pop ectofolk lilith neo_mellow,56,"['acoustic_pop', 'ectofolk', 'lilith', 'neo_mellow']"
Jason Mraz,38jy6kRlPt8z1GUS9WXeNh,93 Million Miles,0.572,0.454,3,-10.286,1,0.0258,0.477,1.37e-05,0.0974,0.515,140.182,72.0,acoustic_pop dance_pop neo_mellow pop,68,"['acoustic_pop', 'dance_pop', 'neo_mellow', 'pop']"
A Great Big World,2SkJKMfjpYsNv0KWOxiegX,Kaleidoscope,0.709,0.913,7,-5.148,1,0.0748,0.0182,0.0,0.167,0.519,108.024,60.0,neo_mellow piano_rock pop_rock viral_pop,57,"['neo_mellow', 'piano_rock', 'pop_rock', 'viral_pop']"
Eddie Vedder;Nusrat Fateh Ali Khan,4qCbMMMuEB56kHd4zPE6GD,The Long Road,0.537,0.342,2,-13.553,1,0.0273,0.645,0.266,0.0687,0.253,109.236,61.0,acoustic_rock grunge permanent_wave,46,"['acoustic_rock', 'grunge', 'permanent_wave']"
Drew Holcomb & The Neighbors,11TK5KLtLZUdKr1C549bAw,What Would I Do Without You,0.602,0.336,8,-11.106,1,0.0369,0.883,0.0017,0.143,0.335,90.894,56.0,acoustic_pop stomp_and_holler,65,"['acoustic_pop', 'stomp_and_holler']"
Jason Mraz,7BXW1QCg56yzEBV8pW8pah,Have It All,0.643,0.638,1,-4.947,0,0.0407,0.204,0.0,0.0707,0.6,82.001,72.0,acoustic_pop dance_pop neo_mellow pop,67,"['acoustic_pop', 'dance_pop', 'neo_mellow', 'pop']"
Gabrielle Aplin,2kMrCPZ0o5gErBPLCRgoli,Heavy Heart,0.451,0.7,10,-6.597,0,0.0431,0.455,0.00233,0.405,0.37,150.055,55.0,acoustic_pop indie_anthem-folk neo-singer-songwriter uk_pop viral_pop,0,"['acoustic_pop', 'indie_anthem-folk', 'neo-singer-songwriter', 'uk_pop', 'viral_pop']"
Gabrielle Aplin,5IjTZ1g8KrIuV97N3OQZ0V,The House We Never Built,0.546,0.391,2,-10.786,0,0.063,0.784,2.72e-06,0.0552,0.202,139.669,55.0,acoustic_pop indie_anthem-folk neo-singer-songwriter uk_pop viral_pop,0,"['acoustic_pop', 'indie_anthem-folk', 'neo-singer-songwriter', 'uk_pop', 'viral_pop']"
Eddie Vedder,3bHhUEOTIbezeZ856R0BX5,Society,0.561,0.327,11,-10.835,0,0.0327,0.902,0.000469,0.111,0.298,161.858,61.0,acoustic_rock grunge permanent_wave,71,"['acoustic_rock', 'grunge', 'permanent_wave']"
Gabrielle Aplin,0wf17wsLRwnnfh241GkeH5,Please Don't Say You Love Me,0.479,0.541,0,-9.862,1,0.0543,0.74,0.0,0.108,0.3,85.994,55.0,acoustic_pop indie_anthem-folk neo-singer-songwriter uk_pop viral_pop,0,"['acoustic_pop', 'indie_anthem-folk', 'neo-singer-songwriter', 'uk_pop', 'viral_pop']"
Gabrielle Aplin,3322ArxAq7wCSZI4fF77Q0,Please Don't Say You Love Me,0.479,0.541,0,-9.862,1,0.0543,0.74,0.0,0.108,0.3,85.994,55.0,acoustic_pop indie_anthem-folk neo-singer-songwriter uk_pop viral_pop,1,"['acoustic_pop', 'indie_anthem-folk', 'neo-singer-songwriter', 'uk_pop', 'viral_pop']"
Eddie Vedder,4LGF2tDg3878bs0mQPByZ4,Guaranteed,0.436,0.4,7,-11.485,1,0.0272,0.904,0.00105,0.125,0.351,100.734,61.0,acoustic_rock grunge permanent_wave,63,"['acoustic_rock', 'grunge', 'permanent_wave']"
Sara Bareilles,6Uy6K3KdmUdAfelUp0SeXn,Brave,0.551,0.836,10,-3.838,0,0.0524,0.00502,2.1e-05,0.0425,0.758,185.063,64.0,acoustic_pop ectofolk lilith neo_mellow pop_rock post-teen_pop viral_pop,71,"['acoustic_pop', 'ectofolk', 'lilith', 'neo_mellow', 'pop_rock', 'post-teen_pop', 'viral_pop']"
KT Tunstall,2z2JKNU24UEngb4joR9p8f,Lonely This Christmas,0.409,0.153,6,-10.74,0,0.0306,0.939,2.56e-05,0.108,0.18,85.262,61.0,ectofolk lilith neo_mellow pop_rock scottish_singer-songwriter,0,"['ectofolk', 'lilith', 'neo_mellow', 'pop_rock', 'scottish_singer-songwriter']"
KT Tunstall,2nef44o0sjJDKB1ta4S0ub,Lonely This Christmas,0.409,0.153,6,-10.74,0,0.0306,0.939,2.56e-05,0.108,0.18,85.262,61.0,ectofolk lilith neo_mellow pop_rock scottish_singer-songwriter,0,"['ectofolk', 'lilith', 'neo_mellow', 'pop_rock', 'scottish_singer-songwriter']"
Five For Fighting,0qJGlogD7AyMLAJfQ42aI2,Heaven Knows,0.6,0.845,10,-7.076,1,0.0311,0.048,0.0,0.24,0.392,97.631,55.0,neo_mellow piano_rock pop_rock,56,"['neo_mellow', 'piano_rock', 'pop_rock']"
The Civil Wars,04JS6OitE9VGsIS3S94Osg,I Heard The Bells On Christmas Day,0.492,0.145,2,-14.504,0,0.0422,0.872,9.68e-06,0.107,0.218,90.078,55.0,acoustic_pop indie_folk neo_mellow new_americana stomp_and_holler,0,"['acoustic_pop', 'indie_folk', 'neo_mellow', 'new_americana', 'stomp_and_holler']"
The Civil Wars,5OGpsZeJRZ3t3MZioawcZW,I Heard The Bells On Christmas Day,0.492,0.145,2,-14.504,0,0.0422,0.872,9.68e-06,0.107,0.218,90.078,55.0,acoustic_pop indie_folk neo_mellow new_americana stomp_and_holler,0,"['acoustic_pop', 'indie_folk', 'neo_mellow', 'new_americana', 'stomp_and_holler']"
KT Tunstall,3Vnes7v746dYzBn0FJTZ1W,Fairytale Of New York,0.447,0.555,2,-6.018,1,0.0349,0.218,3.46e-06,0.124,0.33,117.888,61.0,ectofolk lilith neo_mellow pop_rock scottish_singer-songwriter,0,"['ectofolk', 'lilith', 'neo_mellow', 'pop_rock', 'scottish_singer-songwriter']"
The Civil Wars,30cYWLpVdBZVLb1cYdmcTT,I Heard The Bells On Christmas Day,0.492,0.145,2,-14.504,0,0.0422,0.872,9.68e-06,0.107,0.218,90.078,55.0,acoustic_pop indie_folk neo_mellow new_americana stomp_and_holler,0,"['acoustic_pop', 'indie_folk', 'neo_mellow', 'new_americana', 'stomp_and_holler']"
The Civil Wars,7sUqJ51FGSi3n7x4pYjY3v,I Heard The Bells On Christmas Day,0.492,0.145,2,-14.504,0,0.0422,0.872,9.68e-06,0.107,0.218,90.078,55.0,acoustic_pop indie_folk neo_mellow new_americana stomp_and_holler,0,"['acoustic_pop', 'indie_folk', 'neo_mellow', 'new_americana', 'stomp_and_holler']"
The Civil Wars,15BFn2VmEtonsXfNL1lUmy,I Heard The Bells On Christmas Day,0.492,0.145,2,-14.504,0,0.0422,0.872,9.68e-06,0.107,0.218,90.078,55.0,acoustic_pop indie_folk neo_mellow new_americana stomp_and_holler,0,"['acoustic_pop', 'indie_folk', 'neo_mellow', 'new_americana', 'stomp_and_holler']"
The Civil Wars,0WOFJR54wyTwLB11jcBDb1,I Heard The Bells On Christmas Day,0.492,0.145,2,-14.504,0,0.0422,0.872,9.68e-06,0.107,0.218,90.078,55.0,acoustic_pop indie_folk neo_mellow new_americana stomp_and_holler,0,"['acoustic_pop', 'indie_folk', 'neo_mellow', 'new_americana', 'stomp_and_holler']"
The Civil Wars,1uDCw6LVMOmbZ6zRliNcNX,I Heard The Bells On Christmas Day,0.492,0.145,2,-14.504,0,0.0422,0.872,9.68e-06,0.107,0.218,90.078,55.0,acoustic_pop indie_folk neo_mellow new_americana stomp_and_holler,0,"['acoustic_pop', 'indie_folk', 'neo_mellow', 'new_americana', 'stomp_and_holler']"
KT Tunstall,7DYsBLdOqz0z14tYWMt2Tn,Hold On,0.661,0.937,4,-5.157,0,0.0979,0.322,1.04e-06,0.19,0.805,105.549,61.0,ectofolk lilith neo_mellow pop_rock scottish_singer-songwriter,0,"['ectofolk', 'lilith', 'neo_mellow', 'pop_rock', 'scottish_singer-songwriter']"
KT Tunstall,7cPuE0M35EajWPRO3nRcH8,Suddenly I See,0.603,0.78,0,-5.531,1,0.0438,0.139,0.0,0.164,0.693,100.499,61.0,ectofolk lilith neo_mellow pop_rock scottish_singer-songwriter,0,"['ectofolk', 'lilith', 'neo_mellow', 'pop_rock', 'scottish_singer-songwriter']"
Motohiro Hata,0U32q8CZRRo7xCzyiaZw5f,Rain,0.626,0.655,9,-6.69,1,0.0263,0.503,0.0,0.13,0.542,92.003,54.0,j-acoustic j-pop j-rock japanese_singer-songwriter,52,"['j-acoustic', 'j-pop', 'j-rock', 'japanese_singer-songwriter']"
