,Unnamed: 0,track_id,artist,album,track_name,popularity,duration_ms,explicit,danceability,energy,key,loudness,mode,speechiness,acousticness,instrumentalness,liveness,valence,tempo,time_signature,track_genre,analysis_url,artist_pop,genres,id,track_href,track_pop,type,uri
0,0,5SuOikwiRyPMVoIQDJUgSV,Gen Hoshino,Comedy,Comedy,73,230666,False,0.676,0.461,1,-6.746,0,0.143,0.0322,1.01e-06,0.358,0.715,87.917,4,acoustic,https://api.spotify.com/v1/audio-analysis/5SuOikwiRyPMVoIQDJUgSV,62.0,j-acoustic j-pop japanese_singer-songwriter,5SuOikwiRyPMVoIQDJUgSV,https://api.spotify.com/v1/tracks/5SuOikwiRyPMVoIQDJUgSV,69,audio_features,spotify:track:5SuOikwiRyPMVoIQDJUgSV
1,1,4qPNDBW1i3p13qLCt0Ki3A,Ben Woodward,Ghost (Acoustic),Ghost - Acoustic,55,149610,False,0.42,0.166,1,-17.235,1,0.0763,0.924,5.56e-06,0.101,0.267,77.489,4,acoustic,https://api.spotify.com/v1/audio-analysis/4qPNDBW1i3p13qLCt0Ki3A,46.0,acoustic_chill,4qPNDBW1i3p13qLCt0Ki3A,https://api.spotify.com/v1/tracks/4qPNDBW1i3p13qLCt0Ki3A,49,audio_features,spotify:track:4qPNDBW1i3p13qLCt0Ki3A
2,2,1iJBSr7s7jYXzM8EGcbK5b,Ingrid Michaelson;ZAYN,To Begin Again,To Begin Again,57,210826,False,0.438,0.359,0,-9.734,1,0.0557,0.21,0.0,0.117,0.12,76.332,4,acoustic,https://api.spotify.com/v1/audio-analysis/1iJBSr7s7jYXzM8EGcbK5b,58.0,acoustic_pop ectofolk lilith neo_mellow,1iJBSr7s7jYXzM8EGcbK5b,https://api.spotify.com/v1/tracks/1iJBSr7s7jYXzM8EGcbK5b,54,audio_features,spotify:track:1iJBSr7s7jYXzM8EGcbK5b
3,3,6lfxq3CG4xtTiEg7opyCyx,Kina Grannis,Crazy Rich Asians (Original Motion Picture Soundtrack),Can't Help Falling In Love,71,201933,False,0.266,0.0596,0,-18.515,1,0.0363,0.905,7.07e-05,0.132,0.143,181.74,3,acoustic,https://api.spotify.com/v1/audio-analysis/6lfxq3CG4xtTiEg7opyCyx,59.0,acoustic_pop viral_pop,6lfxq3CG4xtTiEg7opyCyx,https://api.spotify.com/v1/tracks/6lfxq3CG4xtTiEg7opyCyx,70,audio_features,spotify:track:6lfxq3CG4xtTiEg7opyCyx
4,4,5vjLSffimiIP26QG5WcN2K,Chord Overstreet,Hold On,Hold On,82,198853,False,0.618,0.443,2,-9.681,1,0.0526,0.469,0.0,0.0829,0.167,119.949,4,acoustic,https://api.spotify.com/v1/audio-analysis/5vjLSffimiIP26QG5WcN2K,62.0,acoustic_pop,5vjLSffimiIP26QG5WcN2K,https://api.spotify.com/v1/tracks/5vjLSffimiIP26QG5WcN2K,82,audio_features,spotify:track:5vjLSffimiIP26QG5WcN2K
5,5,01MVOl9KtVTNfFiBU9I7dc,Tyrone Wells,Days I Will Remember,Days I Will Remember,58,214240,False,0.688,0.481,6,-8.807,1,0.105,0.289,0.0,0.189,0.666,98.017,4,acoustic,https://api.spotify.com/v1/audio-analysis/01MVOl9KtVTNfFiBU9I7dc,45.0,acoustic_pop neo_mellow,01MVOl9KtVTNfFiBU9I7dc,https://api.spotify.com/v1/tracks/01MVOl9KtVTNfFiBU9I7dc,0,audio_features,spotify:track:01MVOl9KtVTNfFiBU9I7dc
6,6,6Vc5wAMmXdKIAM7WUoEb7N,A Great Big World;Christina Aguilera,Is There Anybody Out There?,Say Something,74,229400,False,0.407,0.147,2,-8.822,1,0.0355,0.857,2.89e-06,0.0913,0.0765,141.284,3,acoustic,https://api.spotify.com/v1/audio-analysis/6Vc5wAMmXdKIAM7WUoEb7N,60.0,neo_mellow piano_rock pop_rock viral_pop,6Vc5wAMmXdKIAM7WUoEb7N,https://api.spotify.com/v1/tracks/6Vc5wAMmXdKIAM7WUoEb7N,76,audio_features,spotify:track:6Vc5wAMmXdKIAM7WUoEb7N
7,7,1EzrEOXmMH3G43AXT1y7pA,Jason Mraz,We Sing. We Dance. We Steal Things.,I'm Yours,80,242946,False,0.703,0.444,11,-9.331,1,0.0417,0.559,0.0,0.0973,0.712,150.96,4,acoustic,https://api.spotify.com/v1/audio-analysis/1EzrEOXmMH3G43AXT1y7pA,72.0,acoustic_pop dance_pop neo_mellow pop,1EzrEOXmMH3G43AXT1y7pA,https://api.spotify.com/v1/tracks/1EzrEOXmMH3G43AXT1y7pA,81,audio_features,spotify:track:1EzrEOXmMH3G43AXT1y7pA
8,8,0IktbUcnAGrvD03AWnz3Q8,Jason Mraz;Colbie Caillat,We Sing. We Dance. We Steal Things.,Lucky,74,189613,False,0.625,0.414,0,-8.7,1,0.0369,0.294,0.0,0.151,0.669,130.088,4,acoustic,https://api.spotify.com/v1/audio-analysis/0IktbUcnAGrvD03AWnz3Q8,72.0,acoustic_pop dance_pop neo_mellow pop,0IktbUcnAGrvD03AWnz3Q8,https://api.spotify.com/v1/tracks/0IktbUcnAGrvD03AWnz3Q8,74,audio_features,spotify:track:0IktbUcnAGrvD03AWnz3Q8
9,9,7k9GuJYLp2AzqokyEdwEw2,Ross Copperman,Hunger,Hunger,56,205594,False,0.442,0.632,1,-6.77,1,0.0295,0.426,0.00419,0.0735,0.196,78.899,4,acoustic,https://api.spotify.com/v1/audio-analysis/7k9GuJYLp2AzqokyEdwEw2,42.0,acoustic_pop piano_rock,7k9GuJYLp2AzqokyEdwEw2,https://api.spotify.com/v1/tracks/7k9GuJYLp2AzqokyEdwEw2,59,audio_features,spotify:track:7k9GuJYLp2AzqokyEdwEw2
10,10,4mzP5mHkRvGxdhdGdAH7EJ,Zack Tabudlo,Episode,Give Me Your Forever,74,244800,False,0.627,0.363,8,-8.127,1,0.0291,0.279,0.0,0.0928,0.301,99.905,4,acoustic,https://api.spotify.com/v1/audio-analysis/4mzP5mHkRvGxdhdGdAH7EJ,69.0,acoustic_opm opm p-pop,4mzP5mHkRvGxdhdGdAH7EJ,https://api.spotify.com/v1/tracks/4mzP5mHkRvGxdhdGdAH7EJ,76,audio_features,spotify:track:4mzP5mHkRvGxdhdGdAH7EJ
11,11,5ivF4eQBqJiVL5IAE9jRyl,Jason Mraz,Love Is a Four Letter Word,I Won't Give Up,69,240165,False,0.483,0.303,4,-10.058,1,0.0429,0.694,0.0,0.115,0.139,133.406,3,acoustic,https://api.spotify.com/v1/audio-analysis/5ivF4eQBqJiVL5IAE9jRyl,72.0,acoustic_pop dance_pop neo_mellow pop,5ivF4eQBqJiVL5IAE9jRyl,https://api.spotify.com/v1/tracks/5ivF4eQBqJiVL5IAE9jRyl,72,audio_features,spotify:track:5ivF4eQBqJiVL5IAE9jRyl
12,12,4ptDJbJl35d7gQfeNteBwp,Dan Berk,Solo,Solo,52,198712,False,0.489,0.314,7,-9.245,0,0.0331,0.749,0.0,0.113,0.607,124.234,4,acoustic,https://api.spotify.com/v1/audio-analysis/4ptDJbJl35d7gQfeNteBwp,45.0,acoustic_chill,4ptDJbJl35d7gQfeNteBwp,https://api.spotify.com/v1/tracks/4ptDJbJl35d7gQfeNteBwp,45,audio_features,spotify:track:4ptDJbJl35d7gQfeNteBwp
13,13,0X9MxHR1rTkEHDjp95F2OO,Anna Hamilton,Bad Liar,Bad Liar,62,248448,False,0.691,0.234,3,-6.441,1,0.0285,0.777,0.0,0.12,0.209,87.103,4,acoustic,https://api.spotify.com/v1/audio-analysis/0X9MxHR1rTkEHDjp95F2OO,40.0,acoustic_chill,0X9MxHR1rTkEHDjp95F2OO,https://api.spotify.com/v1/tracks/0X9MxHR1rTkEHDjp95F2OO,60,audio_features,spotify:track:0X9MxHR1rTkEHDjp95F2OO
14,14,4LbWtBkN82ZRhz9jqzgrb3,Chord Overstreet;Deepend,Hold On (Remix),Hold On - Remix,56,188133,False,0.755,0.78,2,-6.084,1,0.0327,0.124,2.83e-05,0.121,0.387,120.004,4,acoustic,https://api.spotify.com/v1/audio-analysis/4LbWtBkN82ZRhz9jqzgrb3,62.0,acoustic_pop,4LbWtBkN82ZRhz9jqzgrb3,https://api.spotify.com/v1/tracks/4LbWtBkN82ZRhz9jqzgrb3,53,audio_features,spotify:track:4LbWtBkN82ZRhz9jqzgrb3
15,15,1KHdq8NK9QxnGjdXb55NiG,Landon Pigg,The Boy Who Never,Falling in Love at a Coffee Shop,58,244986,False,0.489,0.561,4,-7.933,1,0.0274,0.2,4.56e-05,0.179,0.238,83.457,3,acoustic,https://api.spotify.com/v1/audio-analysis/1KHdq8NK9QxnGjdXb55NiG,41.0,acoustic_pop,1KHdq8NK9QxnGjdXb55NiG,https://api.spotify.com/v1/tracks/1KHdq8NK9QxnGjdXb55NiG,56,audio_features,spotify:track:1KHdq8NK9QxnGjdXb55NiG
16,16,6xKeQgzfjixSUld14qUezm,Andrew Foy;Renee Foy,ily (i love you baby),ily (i love you baby),56,129750,False,0.706,0.112,2,-18.098,1,0.0391,0.827,4.03e-06,0.125,0.414,110.154,4,acoustic,https://api.spotify.com/v1/audio-analysis/6xKeQgzfjixSUld14qUezm,42.0,acoustic_guitar_cover,6xKeQgzfjixSUld14qUezm,https://api.spotify.com/v1/tracks/6xKeQgzfjixSUld14qUezm,53,audio_features,spotify:track:6xKeQgzfjixSUld14qUezm
17,17,4Yo0igmcoNyat1secaH0OD,Andrew Foy;Renee Foy,At My Worst,At My Worst,54,169728,False,0.795,0.0841,10,-18.09,0,0.0461,0.742,1.17e-05,0.0853,0.609,91.803,4,acoustic,https://api.spotify.com/v1/audio-analysis/4Yo0igmcoNyat1secaH0OD,42.0,acoustic_guitar_cover,4Yo0igmcoNyat1secaH0OD,https://api.spotify.com/v1/tracks/4Yo0igmcoNyat1secaH0OD,52,audio_features,spotify:track:4Yo0igmcoNyat1secaH0OD
18,18,2qLMf6TuEC3ruGJg4SMMN6,Jason Mraz;Colbie Caillat,We Sing. We Dance. We Steal Things.,Lucky,68,189613,False,0.625,0.414,0,-8.7,1,0.0369,0.294,0.0,0.151,0.669,130.088,4,acoustic,https://api.spotify.com/v1/audio-analysis/2qLMf6TuEC3ruGJg4SMMN6,72.0,acoustic_pop dance_pop neo_mellow pop,2qLMf6TuEC3ruGJg4SMMN6,https://api.spotify.com/v1/tracks/2qLMf6TuEC3ruGJg4SMMN6,75,audio_features,spotify:track:2qLMf6TuEC3ruGJg4SMMN6
19,19,6CgNoAbFJ4Q4Id4EjtbXlC,Boyce Avenue;Bea Miller,"Cover Sessions, Vol. 4",Photograph,67,260186,False,0.717,0.32,3,-8.393,1,0.0283,0.83,0.0,0.107,0.322,107.946,4,acoustic,https://api.spotify.com/v1/audio-analysis/6CgNoAbFJ4Q4Id4EjtbXlC,67.0,acoustic_cover neo_mellow viral_pop,6CgNoAbFJ4Q4Id4EjtbXlC,https://api.spotify.com/v1/tracks/6CgNoAbFJ4Q4Id4EjtbXlC,67,audio_features,spotify:track:6CgNoAbFJ4Q4Id4EjtbXlC
20,20,3S0OXQeoh0w6AY8WQVckRW,Jason Mraz,We Sing. We Dance. We Steal Things.,I'm Yours,75,242946,False,0.703,0.444,11,-9.331,1,0.0417,0.559,0.0,0.0973,0.712,150.96,4,acoustic,https://api.spotify.com/v1/audio-analysis/3S0OXQeoh0w6AY8WQVckRW,72.0,acoustic_pop dance_pop neo_mellow pop,3S0OXQeoh0w6AY8WQVckRW,https://api.spotify.com/v1/tracks/3S0OXQeoh0w6AY8WQVckRW,85,audio_features,spotify:track:3S0OXQeoh0w6AY8WQVckRW
21,21,210JCw2LbYD4YIs8GiZ9iP,Boyce Avenue;Jennel Garcia,"Cover Sessions, Vol. 3",Demons,63,174174,False,0.678,0.351,0,-8.654,1,0.0266,0.747,0.0,0.355,0.569,90.032,4,acoustic,https://api.spotify.com/v1/audio-analysis/210JCw2LbYD4YIs8GiZ9iP,67.0,acoustic_cover neo_mellow viral_pop,210JCw2LbYD4YIs8GiZ9iP,https://api.spotify.com/v1/tracks/210JCw2LbYD4YIs8GiZ9iP,62,audio_features,spotify:track:210JCw2LbYD4YIs8GiZ9iP
22,22,5TvE3pk05pyFIGdSY9j4DJ,A Great Big World;Christina Aguilera,Is There Anybody Out There? - Track by Track Commentary,Say Something,70,229400,False,0.407,0.147,2,-8.822,1,0.0355,0.857,2.89e-06,0.0913,0.0765,141.284,3,acoustic,https://api.spotify.com/v1/audio-analysis/5TvE3pk05pyFIGdSY9j4DJ,60.0,neo_mellow piano_rock pop_rock viral_pop,5TvE3pk05pyFIGdSY9j4DJ,https://api.spotify.com/v1/tracks/5TvE3pk05pyFIGdSY9j4DJ,73,audio_features,spotify:track:5TvE3pk05pyFIGdSY9j4DJ
23,23,0BUuuEvNa5T4lMaewyiudB,Jason Mraz,Coffee Moment,93 Million Miles,0,216386,False,0.572,0.454,3,-10.286,1,0.0258,0.477,1.37e-05,0.0974,0.515,140.182,4,acoustic,https://api.spotify.com/v1/audio-analysis/0BUuuEvNa5T4lMaewyiudB,72.0,acoustic_pop dance_pop neo_mellow pop,0BUuuEvNa5T4lMaewyiudB,https://api.spotify.com/v1/tracks/0BUuuEvNa5T4lMaewyiudB,4,audio_features,spotify:track:0BUuuEvNa5T4lMaewyiudB
24,24,3Hn3LfhrQOaKihdCibJsTs,Jason Mraz,Human - Best Adult Pop Tunes,Unlonely,0,231266,False,0.796,0.667,5,-4.831,0,0.0392,0.381,0.0,0.221,0.754,97.988,4,acoustic,https://api.spotify.com/v1/audio-analysis/3Hn3LfhrQOaKihdCibJsTs,72.0,acoustic_pop dance_pop neo_mellow pop,3Hn3LfhrQOaKihdCibJsTs,https://api.spotify.com/v1/tracks/3Hn3LfhrQOaKihdCibJsTs,0,audio_features,spotify:track:3Hn3LfhrQOaKihdCibJsTs
25,25,6D33wCKzWtNEgOovgeVJ7r,Jason Mraz,Mellow Adult Pop,Bella Luna,1,302346,False,0.755,0.454,9,-9.609,0,0.0352,0.757,0.0,0.236,0.33,120.06,4,acoustic,https://api.spotify.com/v1/audio-analysis/6D33wCKzWtNEgOovgeVJ7r,72.0,acoustic_pop dance_pop neo_mellow pop,6D33wCKzWtNEgOovgeVJ7r,https://api.spotify.com/v1/tracks/6D33wCKzWtNEgOovgeVJ7r,2,audio_features,spotify:track:6D33wCKzWtNEgOovgeVJ7r
26,26,5IfCZDRXZrqZSm8AwE44PG,Jason Mraz,Holly Jolly Christmas,Winter Wonderland,0,131760,False,0.62,0.309,5,-9.209,1,0.0495,0.788,0.0,0.146,0.664,145.363,4,acoustic,https://api.spotify.com/v1/audio-analysis/5IfCZDRXZrqZSm8AwE44PG,72.0,acoustic_pop dance_pop neo_mellow pop,5IfCZDRXZrqZSm8AwE44PG,https://api.spotify.com/v1/tracks/5IfCZDRXZrqZSm8AwE44PG,0,audio_features,spotify:track:5IfCZDRXZrqZSm8AwE44PG
27,27,0dzKBptH2P5j5a0MifBMwM,Jason Mraz,Feeling Good - Adult Pop Favorites,If It Kills Me,0,273653,False,0.633,0.429,4,-6.784,0,0.0381,0.0444,0.0,0.132,0.52,143.793,4,acoustic,https://api.spotify.com/v1/audio-analysis/0dzKBptH2P5j5a0MifBMwM,72.0,acoustic_pop dance_pop neo_mellow pop,0dzKBptH2P5j5a0MifBMwM,https://api.spotify.com/v1/tracks/0dzKBptH2P5j5a0MifBMwM,0,audio_features,spotify:track:0dzKBptH2P5j5a0MifBMwM
28,28,5QAMZTM5cmLg3fHX9ZbTZi,Jason Mraz,Christmas Time,Winter Wonderland,0,131760,False,0.62,0.309,5,-9.209,1,0.0495,0.788,0.0,0.146,0.664,145.363,4,acoustic,https://api.spotify.com/v1/audio-analysis/5QAMZTM5cmLg3fHX9ZbTZi,72.0,acoustic_pop dance_pop neo_mellow pop,5QAMZTM5cmLg3fHX9ZbTZi,https://api.spotify.com/v1/tracks/5QAMZTM5cmLg3fHX9ZbTZi,0,audio_features,spotify:track:5QAMZTM5cmLg3fHX9ZbTZi
29,29,2qESE1ZeWly7I3YjyTXmXh,Jason Mraz,Perfect Christmas Hits,Winter Wonderland,0,131760,False,0.62,0.309,5,-9.209,1,0.0495,0.788,0.0,0.146,0.664,145.363,4,acoustic,https://api.spotify.com/v1/audio-analysis/2qESE1ZeWly7I3YjyTXmXh,72.0,acoustic_pop dance_pop neo_mellow pop,2qESE1ZeWly7I3YjyTXmXh,https://api.spotify.com/v1/tracks/2qESE1ZeWly7I3YjyTXmXh,0,audio_features,spotify:track:2qESE1ZeWly7I3YjyTXmXh
30,30,3EQV1ZHtHvq9OnVRYIdbg3,Jason Mraz,Merry Christmas,Winter Wonderland,0,131760,False,0.62,0.309,5,-9.209,1,0.0495,0.788,0.0,0.146,0.664,145.363,4,acoustic,https://api.spotify.com/v1/audio-analysis/3EQV1ZHtHvq9OnVRYIdbg3,72.0,acoustic_pop dance_pop neo_mellow pop,3EQV1ZHtHvq9OnVRYIdbg3,https://api.spotify.com/v1/tracks/3EQV1ZHtHvq9OnVRYIdbg3,0,audio_features,spotify:track:3EQV1ZHtHvq9OnVRYIdbg3
31,31,3ax0rfGb7exLtl02LL08U9,Jason Mraz,Christmas Music - Holiday Hits,Winter Wonderland,0,131760,False,0.62,0.309,5,-9.209,1,0.0495,0.788,0.0,0.146,0.664,145.363,4,acoustic,https://api.spotify.com/v1/audio-analysis/3ax0rfGb7exLtl02LL08U9,72.0,acoustic_pop dance_pop neo_mellow pop,3ax0rfGb7exLtl02LL08U9,https://api.spotify.com/v1/tracks/3ax0rfGb7exLtl02LL08U9,0,audio_features,spotify:track:3ax0rfGb7exLtl02LL08U9
32,32,1m5LC29RE52Bxy7hxvpOlL,Chord Overstreet,Christmas Country Songs 2022,All I Want For Christmas Is A Real Good Tan,0,234186,False,0.593,0.455,6,-8.192,1,0.0388,0.366,0.0,0.0914,0.564,202.019,4,acoustic,https://api.spotify.com/v1/audio-analysis/1m5LC29RE52Bxy7hxvpOlL,62.0,acoustic_pop,1m5LC29RE52Bxy7hxvpOlL,https://api.spotify.com/v1/tracks/1m5LC29RE52Bxy7hxvpOlL,0,audio_features,spotify:track:1m5LC29RE52Bxy7hxvpOlL
33,33,3H36x7buZdQD4687VmFrwY,Brandi Carlile;Sam Smith,Human - Best Adult Pop Tunes,Party of One,0,259558,False,0.296,0.206,0,-11.799,1,0.0412,0.782,0.000225,0.0959,0.202,165.4,4,acoustic,https://api.spotify.com/v1/audio-analysis/3H36x7buZdQD4687VmFrwY,65.0,acoustic_pop ectofolk folk indie_folk lilith modern_folk_rock new_americana,3H36x7buZdQD4687VmFrwY,https://api.spotify.com/v1/tracks/3H36x7buZdQD4687VmFrwY,0,audio_features,spotify:track:3H36x7buZdQD4687VmFrwY
34,34,0xbMRcMFqxJq1Wa7tvWPtn,Brandi Carlile;Sam Smith,Feeling Good - Adult Pop Favorites,Party of One,0,259558,False,0.296,0.206,0,-11.799,1,0.0412,0.782,0.000225,0.0959,0.202,165.4,4,acoustic,https://api.spotify.com/v1/audio-analysis/0xbMRcMFqxJq1Wa7tvWPtn,65.0,acoustic_pop ectofolk folk indie_folk lilith modern_folk_rock new_americana,0xbMRcMFqxJq1Wa7tvWPtn,https://api.spotify.com/v1/tracks/0xbMRcMFqxJq1Wa7tvWPtn,0,audio_features,spotify:track:0xbMRcMFqxJq1Wa7tvWPtn
35,35,6h061f44HZPj1OXO2nA45d,Brandi Carlile;Sam Smith,Mellow Bars R'n'B,Party of One,0,259558,False,0.296,0.206,0,-11.799,1,0.0412,0.782,0.000225,0.0959,0.202,165.4,4,acoustic,https://api.spotify.com/v1/audio-analysis/6h061f44HZPj1OXO2nA45d,65.0,acoustic_pop ectofolk folk indie_folk lilith modern_folk_rock new_americana,6h061f44HZPj1OXO2nA45d,https://api.spotify.com/v1/tracks/6h061f44HZPj1OXO2nA45d,0,audio_features,spotify:track:6h061f44HZPj1OXO2nA45d
36,36,62EwQLDw0dprDzuLwQ0sH1,KT Tunstall,Chill Christmas Dinner,Lonely This Christmas,0,257493,False,0.409,0.153,6,-10.74,0,0.0306,0.939,2.56e-05,0.108,0.18,85.262,4,acoustic,https://api.spotify.com/v1/audio-analysis/62EwQLDw0dprDzuLwQ0sH1,61.0,ectofolk lilith neo_mellow pop_rock scottish_singer-songwriter,62EwQLDw0dprDzuLwQ0sH1,https://api.spotify.com/v1/tracks/62EwQLDw0dprDzuLwQ0sH1,0,audio_features,spotify:track:62EwQLDw0dprDzuLwQ0sH1
37,37,3lvo0I8c2qBJDLZWqExDgC,Brandi Carlile,rainy day indie,Throwing Good After Bad,0,247791,False,0.501,0.0952,2,-12.931,1,0.054,0.963,1.58e-05,0.0915,0.316,138.016,4,acoustic,https://api.spotify.com/v1/audio-analysis/3lvo0I8c2qBJDLZWqExDgC,65.0,acoustic_pop ectofolk folk indie_folk lilith modern_folk_rock new_americana,3lvo0I8c2qBJDLZWqExDgC,https://api.spotify.com/v1/tracks/3lvo0I8c2qBJDLZWqExDgC,0,audio_features,spotify:track:3lvo0I8c2qBJDLZWqExDgC
38,38,1ae8XfBQ3fDEvmBjFaemGV,Brandi Carlile,Coffee Moment,This Time Tomorrow,0,206267,False,0.606,0.326,10,-10.031,1,0.0294,0.841,0.0,0.139,0.414,91.626,4,acoustic,https://api.spotify.com/v1/audio-analysis/1ae8XfBQ3fDEvmBjFaemGV,65.0,acoustic_pop ectofolk folk indie_folk lilith modern_folk_rock new_americana,1ae8XfBQ3fDEvmBjFaemGV,https://api.spotify.com/v1/tracks/1ae8XfBQ3fDEvmBjFaemGV,2,audio_features,spotify:track:1ae8XfBQ3fDEvmBjFaemGV
39,39,0adVktNVJXPZfhQe6B1NO5,KT Tunstall,sadsadchristmas,Lonely This Christmas,0,257493,False,0.409,0.153,6,-10.74,0,0.0306,0.939,2.56e-05,0.108,0.18,85.262,4,acoustic,https://api.spotify.com/v1/audio-analysis/0adVktNVJXPZfhQe6B1NO5,61.0,ectofolk lilith neo_mellow pop_rock scottish_singer-songwriter,0adVktNVJXPZfhQe6B1NO5,https://api.spotify.com/v1/tracks/0adVktNVJXPZfhQe6B1NO5,0,audio_features,spotify:track:0adVktNVJXPZfhQe6B1NO5
40,40,6sp6Vx3sv2l5qxPfbQkcyt,Eddie Vedder,Mega Hits Autumn/Fall 2022,The Haves,0,306794,False,0.474,0.519,7,-5.291,1,0.0253,0.281,0.0,0.107,0.326,151.832,4,acoustic,https://api.spotify.com/v1/audio-analysis/6sp6Vx3sv2l5qxPfbQkcyt,61.0,acoustic_rock grunge permanent_wave,6sp6Vx3sv2l5qxPfbQkcyt,https://api.spotify.com/v1/tracks/6sp6Vx3sv2l5qxPfbQkcyt,0,audio_features,spotify:track:6sp6Vx3sv2l5qxPfbQkcyt
41,41,1WFVfVjCtbmdIv7j3Fa9iy,Brandi Carlile,Mellow Adult Pop,When You're Wrong,0,266960,False,0.568,0.301,10,-10.163,0,0.0373,0.796,3.37e-06,0.118,0.142,88.029,4,acoustic,https://api.spotify.com/v1/audio-analysis/1WFVfVjCtbmdIv7j3Fa9iy,65.0,acoustic_pop ectofolk folk indie_folk lilith modern_folk_rock new_americana,1WFVfVjCtbmdIv7j3Fa9iy,https://api.spotify.com/v1/tracks/1WFVfVjCtbmdIv7j3Fa9iy,0,audio_features,spotify:track:1WFVfVjCtbmdIv7j3Fa9iy
42,42,0e5PAxSyZ5DWWVqKANHETz,Brandi Carlile;Lucius,Country Car Hits,You and Me on the Rock,0,230098,False,0.568,0.686,1,-6.635,1,0.033,0.15,1.81e-06,0.0881,0.725,172.075,4,acoustic,https://api.spotify.com/v1/audio-analysis/0e5PAxSyZ5DWWVqKANHETz,65.0,acoustic_pop ectofolk folk indie_folk lilith modern_folk_rock new_americana,0e5PAxSyZ5DWWVqKANHETz,https://api.spotify.com/v1/tracks/0e5PAxSyZ5DWWVqKANHETz,0,audio_features,spotify:track:0e5PAxSyZ5DWWVqKANHETz
43,43,1MLr9b1fOybO3MGiLy47Ys,Brandi Carlile;Lucius,Country Road Songs,You and Me on the Rock,0,230098,False,0.568,0.686,1,-6.635,1,0.033,0.15,1.81e-06,0.0881,0.725,172.075,4,acoustic,https://api.spotify.com/v1/audio-analysis/1MLr9b1fOybO3MGiLy47Ys,65.0,acoustic_pop ectofolk folk indie_folk lilith modern_folk_rock new_americana,1MLr9b1fOybO3MGiLy47Ys,https://api.spotify.com/v1/tracks/1MLr9b1fOybO3MGiLy47Ys,0,audio_features,spotify:track:1MLr9b1fOybO3MGiLy47Ys
44,44,6JGjevTaqr9J1xp7YvYUKF,Brandi Carlile,Finest Country,"Speak Your Mind (From the Netflix Series ""We The People"")",0,193943,False,0.476,0.666,6,-3.438,1,0.0446,0.314,0.0,0.342,0.498,148.155,4,acoustic,https://api.spotify.com/v1/audio-analysis/6JGjevTaqr9J1xp7YvYUKF,65.0,acoustic_pop ectofolk folk indie_folk lilith modern_folk_rock new_americana,6JGjevTaqr9J1xp7YvYUKF,https://api.spotify.com/v1/tracks/6JGjevTaqr9J1xp7YvYUKF,0,audio_features,spotify:track:6JGjevTaqr9J1xp7YvYUKF
45,45,7Af2YlwMZryKOQiRfwMsD2,Brandi Carlile;Lucius,Easy Country,You and Me on the Rock,0,230098,False,0.568,0.686,1,-6.635,1,0.033,0.15,1.81e-06,0.0881,0.725,172.075,4,acoustic,https://api.spotify.com/v1/audio-analysis/7Af2YlwMZryKOQiRfwMsD2,65.0,acoustic_pop ectofolk folk indie_folk lilith modern_folk_rock new_americana,7Af2YlwMZryKOQiRfwMsD2,https://api.spotify.com/v1/tracks/7Af2YlwMZryKOQiRfwMsD2,0,audio_features,spotify:track:7Af2YlwMZryKOQiRfwMsD2
46,46,3RE5nHIVkC4KcA7snFaTKd,Brandi Carlile;Lucius,Cozy Country,You and Me on the Rock,0,230098,False,0.568,0.686,1,-6.635,1,0.033,0.15,1.81e-06,0.0881,0.725,172.075,4,acoustic,https://api.spotify.com/v1/audio-analysis/3RE5nHIVkC4KcA7snFaTKd,65.0,acoustic_pop ectofolk folk indie_folk lilith modern_folk_rock new_americana,3RE5nHIVkC4KcA7snFaTKd,https://api.spotify.com/v1/tracks/3RE5nHIVkC4KcA7snFaTKd,0,audio_features,spotify:track:3RE5nHIVkC4KcA7snFaTKd
47,47,0JvkNRyq8Tmot9khpdtN0I,Brandi Carlile;Lucius,Good Times Country,You and Me on the Rock,0,230098,False,0.568,0.686,1,-6.635,1,0.033,0.15,1.81e-06,0.0881,0.725,172.075,4,acoustic,https://api.spotify.com/v1/audio-analysis/0JvkNRyq8Tmot9khpdtN0I,65.0,acoustic_pop ectofolk folk indie_folk lilith modern_folk_rock new_americana,0JvkNRyq8Tmot9khpdtN0I,https://api.spotify.com/v1/tracks/0JvkNRyq8Tmot9khpdtN0I,0,audio_features,spotify:track:0JvkNRyq8Tmot9khpdtN0I
48,48,27gHtbsHClwimHFtKgFop4,Brandi Carlile;Lucius,Laidback Country,You and Me on the Rock,0,230098,False,0.568,0.686,1,-6.635,1,0.033,0.15,1.81e-06,0.0881,0.725,172.075,4,acoustic,https://api.spotify.com/v1/audio-analysis/27gHtbsHClwimHFtKgFop4,65.0,acoustic_pop ectofolk folk indie_folk lilith modern_folk_rock new_americana,27gHtbsHClwimHFtKgFop4,https://api.spotify.com/v1/tracks/27gHtbsHClwimHFtKgFop4,0,audio_features,spotify:track:27gHtbsHClwimHFtKgFop4
49,49,1QBNBGeIRRGBnLhdlHbfI8,Brandi Carlile;Lucius,Chillin' It - Mellow Day Country,You and Me on the Rock,0,230098,False,0.568,0.686,1,-6.635,1,0.033,0.15,1.81e-06,0.0881,0.725,172.075,4,acoustic,https://api.spotify.com/v1/audio-analysis/1QBNBGeIRRGBnLhdlHbfI8,65.0,acoustic_pop ectofolk folk indie_folk lilith modern_folk_rock new_americana,1QBNBGeIRRGBnLhdlHbfI8,https://api.spotify.com/v1/tracks/1QBNBGeIRRGBnLhdlHbfI8,0,audio_features,spotify:track:1QBNBGeIRRGBnLhdlHbfI8
50,50,72xTsTouZ5nBmASX8k1XCW,Highland Peak,Trampoline (Acoustic),Trampoline - Acoustic,46,213098,False,0.596,0.2,0,-10.424,0,0.0305,0.91,0.000183,0.0884,0.308,107.893,4,acoustic,https://api.spotify.com/v1/audio-analysis/72xTsTouZ5nBmASX8k1XCW,38.0,acoustic_chill,72xTsTouZ5nBmASX8k1XCW,https://api.spotify.com/v1/tracks/72xTsTouZ5nBmASX8k1XCW,38,audio_features,spotify:track:72xTsTouZ5nBmASX8k1XCW
51,51,3ILmwMefYZoQh5Cf5jeuUQ,Motohiro Hata,Documentary,透明だった世界,61,232360,False,0.373,0.914,0,-4.185,1,0.0565,0.076,0.0,0.669,0.56,168.21,4,acoustic,https://api.spotify.com/v1/audio-analysis/3ILmwMefYZoQh5Cf5jeuUQ,54.0,j-acoustic j-pop j-rock japanese_singer-songwriter,3ILmwMefYZoQh5Cf5jeuUQ,https://api.spotify.com/v1/tracks/3ILmwMefYZoQh5Cf5jeuUQ,61,audio_features,spotify:track:3ILmwMefYZoQh5Cf5jeuUQ
52,52,2DHDuADAHoUW6n0z80RLQF,Andrew Belle,Black Bear,Pieces,60,241119,False,0.494,0.652,6,-5.863,0,0.0314,0.0754,0.00256,0.125,0.298,137.018,4,acoustic,https://api.spotify.com/v1/audio-analysis/2DHDuADAHoUW6n0z80RLQF,53.0,acoustic_pop,2DHDuADAHoUW6n0z80RLQF,https://api.spotify.com/v1/tracks/2DHDuADAHoUW6n0z80RLQF,59,audio_features,spotify:track:2DHDuADAHoUW6n0z80RLQF
53,53,5JDcQAztvZTIkrWoZihgvC,Ron Pope,The Bedroom Demos,A Drop in the Ocean,68,220239,False,0.447,0.393,5,-8.65,1,0.038,0.785,0.0,0.28,0.564,73.139,3,acoustic,https://api.spotify.com/v1/audio-analysis/5JDcQAztvZTIkrWoZihgvC,54.0,acoustic_pop neo_mellow piano_rock viral_pop,5JDcQAztvZTIkrWoZihgvC,https://api.spotify.com/v1/tracks/5JDcQAztvZTIkrWoZihgvC,72,audio_features,spotify:track:5JDcQAztvZTIkrWoZihgvC
54,54,2sYFi9xVSZ56WHKSY2fN1K,Adam Christopher,So Far Away (Acoustic),So Far Away - Acoustic,52,171543,False,0.576,0.331,6,-9.389,0,0.0306,0.894,3.44e-05,0.129,0.407,149.02,4,acoustic,https://api.spotify.com/v1/audio-analysis/2sYFi9xVSZ56WHKSY2fN1K,47.0,acoustic_cover,2sYFi9xVSZ56WHKSY2fN1K,https://api.spotify.com/v1/tracks/2sYFi9xVSZ56WHKSY2fN1K,51,audio_features,spotify:track:2sYFi9xVSZ56WHKSY2fN1K
55,55,6xJOhSm4SvZwzy3uhWz26O,Andrew Belle,Black Bear,The Enemy,62,286865,False,0.536,0.89,1,-5.222,1,0.0375,0.078,0.0202,0.131,0.273,121.974,4,acoustic,https://api.spotify.com/v1/audio-analysis/6xJOhSm4SvZwzy3uhWz26O,53.0,acoustic_pop,6xJOhSm4SvZwzy3uhWz26O,https://api.spotify.com/v1/tracks/6xJOhSm4SvZwzy3uhWz26O,56,audio_features,spotify:track:6xJOhSm4SvZwzy3uhWz26O
56,56,7lLKxcNeJtDTWVRKHovLEC,Aron Wright,Build It Better,Build It Better,51,234473,False,0.526,0.333,4,-13.02,1,0.0314,0.91,0.168,0.111,0.159,94.951,4,acoustic,https://api.spotify.com/v1/audio-analysis/7lLKxcNeJtDTWVRKHovLEC,42.0,acoustic_pop deep_acoustic_pop,7lLKxcNeJtDTWVRKHovLEC,https://api.spotify.com/v1/tracks/7lLKxcNeJtDTWVRKHovLEC,53,audio_features,spotify:track:7lLKxcNeJtDTWVRKHovLEC
57,57,25UzeaV47eDT44Fovve6xQ,Chord Overstreet,Sleepwalking in the Rain,Sleepwalking in the Rain,0,216000,False,0.501,0.381,0,-9.448,1,0.036,0.687,0.00133,0.119,0.502,80.075,4,acoustic,https://api.spotify.com/v1/audio-analysis/25UzeaV47eDT44Fovve6xQ,62.0,acoustic_pop,25UzeaV47eDT44Fovve6xQ,https://api.spotify.com/v1/tracks/25UzeaV47eDT44Fovve6xQ,27,audio_features,spotify:track:25UzeaV47eDT44Fovve6xQ
58,58,4oa14QBfWRDfJy2agySy0L,Sara Bareilles,Little Voice,Gravity,67,232760,False,0.27,0.275,0,-10.357,1,0.0356,0.834,0.0,0.146,0.231,168.964,4,acoustic,https://api.spotify.com/v1/audio-analysis/4oa14QBfWRDfJy2agySy0L,64.0,acoustic_pop ectofolk lilith neo_mellow pop_rock post-teen_pop viral_pop,4oa14QBfWRDfJy2agySy0L,https://api.spotify.com/v1/tracks/4oa14QBfWRDfJy2agySy0L,68,audio_features,spotify:track:4oa14QBfWRDfJy2agySy0L
59,59,2gRKq9rIC5i1zuxp06zJWH,Chord Overstreet,What's Left of You,What's Left of You,57,178600,True,0.731,0.507,0,-6.477,1,0.046,0.572,0.0,0.0912,0.265,117.969,4,acoustic,https://api.spotify.com/v1/audio-analysis/2gRKq9rIC5i1zuxp06zJWH,62.0,acoustic_pop,2gRKq9rIC5i1zuxp06zJWH,https://api.spotify.com/v1/tracks/2gRKq9rIC5i1zuxp06zJWH,65,audio_features,spotify:track:2gRKq9rIC5i1zuxp06zJWH
60,60,08MFgEQeVLF37EyZ7jcwLc,Zack Tabudlo,Pano,Pano,75,254400,False,0.375,0.457,3,-7.018,1,0.0315,0.868,0.0145,0.191,0.415,174.839,3,acoustic,https://api.spotify.com/v1/audio-analysis/08MFgEQeVLF37EyZ7jcwLc,69.0,acoustic_opm opm p-pop,08MFgEQeVLF37EyZ7jcwLc,https://api.spotify.com/v1/tracks/08MFgEQeVLF37EyZ7jcwLc,75,audio_features,spotify:track:08MFgEQeVLF37EyZ7jcwLc
61,61,6nXIYClvJAfi6ujLiKqEq8,Andrew Belle,The Daylight EP,Sky's Still Blue,62,244320,False,0.43,0.791,6,-5.419,0,0.0302,0.0726,0.0193,0.11,0.217,171.864,4,acoustic,https://api.spotify.com/v1/audio-analysis/6nXIYClvJAfi6ujLiKqEq8,53.0,acoustic_pop,6nXIYClvJAfi6ujLiKqEq8,https://api.spotify.com/v1/tracks/6nXIYClvJAfi6ujLiKqEq8,53,audio_features,spotify:track:6nXIYClvJAfi6ujLiKqEq8
62,62,7x4b0UccXSKBWxWmjcrG2T,Kurt Cobain,Montage Of Heck: The Home Recordings,And I Love Her,66,124933,False,0.616,0.282,1,-15.317,1,0.0331,0.983,0.833,0.13,0.435,96.638,4,acoustic,https://api.spotify.com/v1/audio-analysis/7x4b0UccXSKBWxWmjcrG2T,50.0,acoustic_rock grunge,7x4b0UccXSKBWxWmjcrG2T,https://api.spotify.com/v1/tracks/7x4b0UccXSKBWxWmjcrG2T,67,audio_features,spotify:track:7x4b0UccXSKBWxWmjcrG2T
63,63,6owKuyHxUqidcAA6fPKSyy,Boyce Avenue;Bea Miller,"Cover Sessions, Vol. 3",We Can't Stop,64,222146,False,0.705,0.347,2,-8.249,1,0.0301,0.674,0.0,0.12,0.36,80.057,4,acoustic,https://api.spotify.com/v1/audio-analysis/6owKuyHxUqidcAA6fPKSyy,67.0,acoustic_cover neo_mellow viral_pop,6owKuyHxUqidcAA6fPKSyy,https://api.spotify.com/v1/tracks/6owKuyHxUqidcAA6fPKSyy,65,audio_features,spotify:track:6owKuyHxUqidcAA6fPKSyy
64,64,0wbmIfvndFV9VDvuUY1pYN,Tim Halperin,Covers,Always Be My Baby,62,181852,False,0.582,0.255,4,-10.254,1,0.0306,0.772,0.0,0.0889,0.285,139.884,4,acoustic,https://api.spotify.com/v1/audio-analysis/0wbmIfvndFV9VDvuUY1pYN,48.0,channel_pop indiecoustica,0wbmIfvndFV9VDvuUY1pYN,https://api.spotify.com/v1/tracks/0wbmIfvndFV9VDvuUY1pYN,0,audio_features,spotify:track:0wbmIfvndFV9VDvuUY1pYN
65,65,3e5yu9MkIvQx17mm7LF6KY,Canyon City,Midnight Waves,Alone with You,58,186584,False,0.549,0.274,1,-12.565,1,0.0379,0.798,6.63e-06,0.103,0.207,86.664,4,acoustic,https://api.spotify.com/v1/audio-analysis/3e5yu9MkIvQx17mm7LF6KY,45.0,acoustic_pop indie_anthem-folk indiecoustica modern_indie_folk,3e5yu9MkIvQx17mm7LF6KY,https://api.spotify.com/v1/tracks/3e5yu9MkIvQx17mm7LF6KY,50,audio_features,spotify:track:3e5yu9MkIvQx17mm7LF6KY
66,66,6VwAh8Z1d5YKoSWoEaV4db,Aaron Espe,Making All Things New,Making All Things New,65,159600,False,0.787,0.355,0,-11.429,1,0.0288,0.896,0.0201,0.111,0.48,99.978,4,acoustic,https://api.spotify.com/v1/audio-analysis/6VwAh8Z1d5YKoSWoEaV4db,48.0,modern_indie_folk stomp_and_flutter,6VwAh8Z1d5YKoSWoEaV4db,https://api.spotify.com/v1/tracks/6VwAh8Z1d5YKoSWoEaV4db,66,audio_features,spotify:track:6VwAh8Z1d5YKoSWoEaV4db
67,67,2D4BSm5Z8Hq5zYbSgJwEOh,Sara Bareilles,What's Inside: Songs from Waitress,She Used To Be Mine,67,250266,False,0.397,0.303,5,-7.508,1,0.0435,0.381,0.0,0.101,0.172,81.05,4,acoustic,https://api.spotify.com/v1/audio-analysis/2D4BSm5Z8Hq5zYbSgJwEOh,64.0,acoustic_pop ectofolk lilith neo_mellow pop_rock post-teen_pop viral_pop,2D4BSm5Z8Hq5zYbSgJwEOh,https://api.spotify.com/v1/tracks/2D4BSm5Z8Hq5zYbSgJwEOh,68,audio_features,spotify:track:2D4BSm5Z8Hq5zYbSgJwEOh
68,68,7LwGBxB0h0CVmkOZxYKn0g,Andrew Belle,In My Veins (Feat. Erin Mccarley),In My Veins - Feat. Erin Mccarley,65,318908,False,0.548,0.42,0,-7.842,1,0.0277,0.198,4.46e-06,0.0899,0.196,128.012,4,acoustic,https://api.spotify.com/v1/audio-analysis/7LwGBxB0h0CVmkOZxYKn0g,53.0,acoustic_pop,7LwGBxB0h0CVmkOZxYKn0g,https://api.spotify.com/v1/tracks/7LwGBxB0h0CVmkOZxYKn0g,63,audio_features,spotify:track:7LwGBxB0h0CVmkOZxYKn0g
69,69,0ZwdH0m32I8odedwvspYTh,Tyler Ward,Under Covers,I Don't Wanna Live Forever (Fifty Shades Darker),44,222351,False,0.787,0.403,0,-11.989,1,0.033,0.603,0.00857,0.131,0.264,118.042,4,acoustic,https://api.spotify.com/v1/audio-analysis/0ZwdH0m32I8odedwvspYTh,50.0,acoustic_cover viral_pop,0ZwdH0m32I8odedwvspYTh,https://api.spotify.com/v1/tracks/0ZwdH0m32I8odedwvspYTh,36,audio_features,spotify:track:0ZwdH0m32I8odedwvspYTh
70,70,16dkWKIlBsfYTISCVuDs0w,Ron Pope,Whatever It Takes,A Drop In the Ocean,55,219480,False,0.484,0.573,5,-6.183,1,0.0298,0.0882,1.14e-06,0.15,0.346,139.966,3,acoustic,https://api.spotify.com/v1/audio-analysis/16dkWKIlBsfYTISCVuDs0w,54.0,acoustic_pop neo_mellow piano_rock viral_pop,16dkWKIlBsfYTISCVuDs0w,https://api.spotify.com/v1/tracks/16dkWKIlBsfYTISCVuDs0w,60,audio_features,spotify:track:16dkWKIlBsfYTISCVuDs0w
71,71,3TwtrR1yNLY1PMPsrGQpOp,Five For Fighting,America Town,Superman (It's Not Easy),70,221693,False,0.382,0.416,0,-9.303,1,0.0302,0.0733,0.0,0.0719,0.125,102.089,4,acoustic,https://api.spotify.com/v1/audio-analysis/3TwtrR1yNLY1PMPsrGQpOp,55.0,neo_mellow piano_rock pop_rock,3TwtrR1yNLY1PMPsrGQpOp,https://api.spotify.com/v1/tracks/3TwtrR1yNLY1PMPsrGQpOp,71,audio_features,spotify:track:3TwtrR1yNLY1PMPsrGQpOp
72,72,3Et4LKZLnXygPYfNdeB3D3,Andrew Belle,Dive Deep,When the End Comes,57,354400,False,0.541,0.575,9,-9.463,1,0.0491,0.677,0.215,0.102,0.428,91.98,4,acoustic,https://api.spotify.com/v1/audio-analysis/3Et4LKZLnXygPYfNdeB3D3,53.0,acoustic_pop,3Et4LKZLnXygPYfNdeB3D3,https://api.spotify.com/v1/tracks/3Et4LKZLnXygPYfNdeB3D3,52,audio_features,spotify:track:3Et4LKZLnXygPYfNdeB3D3
73,73,2E9viCx0hJKNKNThd2MdGQ,Bailey Jehl,You're Still The One,You're Still The One,56,177500,False,0.607,0.473,2,-8.555,1,0.034,0.712,0.0,0.66,0.54,119.698,4,acoustic,https://api.spotify.com/v1/audio-analysis/2E9viCx0hJKNKNThd2MdGQ,51.0,acoustic_chill,2E9viCx0hJKNKNThd2MdGQ,https://api.spotify.com/v1/tracks/2E9viCx0hJKNKNThd2MdGQ,0,audio_features,spotify:track:2E9viCx0hJKNKNThd2MdGQ
74,74,0Zf1BPkkFAWGtVHeBwHHz4,Ingrid Michaelson,It Doesn't Have To Make Sense,Light Me Up,56,247840,False,0.417,0.595,6,-7.84,1,0.0396,0.158,0.000269,0.101,0.117,147.928,4,acoustic,https://api.spotify.com/v1/audio-analysis/0Zf1BPkkFAWGtVHeBwHHz4,58.0,acoustic_pop ectofolk lilith neo_mellow,0Zf1BPkkFAWGtVHeBwHHz4,https://api.spotify.com/v1/tracks/0Zf1BPkkFAWGtVHeBwHHz4,56,audio_features,spotify:track:0Zf1BPkkFAWGtVHeBwHHz4
75,75,38jy6kRlPt8z1GUS9WXeNh,Jason Mraz,Love Is a Four Letter Word,93 Million Miles,67,216386,False,0.572,0.454,3,-10.286,1,0.0258,0.477,1.37e-05,0.0974,0.515,140.182,4,acoustic,https://api.spotify.com/v1/audio-analysis/38jy6kRlPt8z1GUS9WXeNh,72.0,acoustic_pop dance_pop neo_mellow pop,38jy6kRlPt8z1GUS9WXeNh,https://api.spotify.com/v1/tracks/38jy6kRlPt8z1GUS9WXeNh,68,audio_features,spotify:track:38jy6kRlPt8z1GUS9WXeNh
76,76,2SkJKMfjpYsNv0KWOxiegX,A Great Big World,When the Morning Comes,Kaleidoscope,62,229320,False,0.709,0.913,7,-5.148,1,0.0748,0.0182,0.0,0.167,0.519,108.024,4,acoustic,https://api.spotify.com/v1/audio-analysis/2SkJKMfjpYsNv0KWOxiegX,60.0,neo_mellow piano_rock pop_rock viral_pop,2SkJKMfjpYsNv0KWOxiegX,https://api.spotify.com/v1/tracks/2SkJKMfjpYsNv0KWOxiegX,57,audio_features,spotify:track:2SkJKMfjpYsNv0KWOxiegX
77,77,4qCbMMMuEB56kHd4zPE6GD,Eddie Vedder;Nusrat Fateh Ali Khan,"Eat, Pray, Love",The Long Road,45,330933,False,0.537,0.342,2,-13.553,1,0.0273,0.645,0.266,0.0687,0.253,109.236,4,acoustic,https://api.spotify.com/v1/audio-analysis/4qCbMMMuEB56kHd4zPE6GD,61.0,acoustic_rock grunge permanent_wave,4qCbMMMuEB56kHd4zPE6GD,https://api.spotify.com/v1/tracks/4qCbMMMuEB56kHd4zPE6GD,46,audio_features,spotify:track:4qCbMMMuEB56kHd4zPE6GD
78,78,11TK5KLtLZUdKr1C549bAw,Drew Holcomb & The Neighbors,Good Light,What Would I Do Without You,64,172213,False,0.602,0.336,8,-11.106,1,0.0369,0.883,0.0017,0.143,0.335,90.894,4,acoustic,https://api.spotify.com/v1/audio-analysis/11TK5KLtLZUdKr1C549bAw,56.0,acoustic_pop stomp_and_holler,11TK5KLtLZUdKr1C549bAw,https://api.spotify.com/v1/tracks/11TK5KLtLZUdKr1C549bAw,65,audio_features,spotify:track:11TK5KLtLZUdKr1C549bAw
79,79,7BXW1QCg56yzEBV8pW8pah,Jason Mraz,Know.,Have It All,65,226106,False,0.643,0.638,1,-4.947,0,0.0407,0.204,0.0,0.0707,0.6,82.001,4,acoustic,https://api.spotify.com/v1/audio-analysis/7BXW1QCg56yzEBV8pW8pah,72.0,acoustic_pop dance_pop neo_mellow pop,7BXW1QCg56yzEBV8pW8pah,https://api.spotify.com/v1/tracks/7BXW1QCg56yzEBV8pW8pah,67,audio_features,spotify:track:7BXW1QCg56yzEBV8pW8pah
80,80,2kMrCPZ0o5gErBPLCRgoli,Gabrielle Aplin,Mellow Adult Pop,Heavy Heart,0,235173,False,0.451,0.7,10,-6.597,0,0.0431,0.455,0.00233,0.405,0.37,150.055,4,acoustic,https://api.spotify.com/v1/audio-analysis/2kMrCPZ0o5gErBPLCRgoli,55.0,acoustic_pop indie_anthem-folk neo-singer-songwriter uk_pop viral_pop,2kMrCPZ0o5gErBPLCRgoli,https://api.spotify.com/v1/tracks/2kMrCPZ0o5gErBPLCRgoli,0,audio_features,spotify:track:2kMrCPZ0o5gErBPLCRgoli
81,81,5IjTZ1g8KrIuV97N3OQZ0V,Gabrielle Aplin,Break Up Songs,The House We Never Built,0,195213,False,0.546,0.391,2,-10.786,0,0.063,0.784,2.72e-06,0.0552,0.202,139.669,4,acoustic,https://api.spotify.com/v1/audio-analysis/5IjTZ1g8KrIuV97N3OQZ0V,55.0,acoustic_pop indie_anthem-folk neo-singer-songwriter uk_pop viral_pop,5IjTZ1g8KrIuV97N3OQZ0V,https://api.spotify.com/v1/tracks/5IjTZ1g8KrIuV97N3OQZ0V,0,audio_features,spotify:track:5IjTZ1g8KrIuV97N3OQZ0V
82,82,3bHhUEOTIbezeZ856R0BX5,Eddie Vedder,Into The Wild (Music For The Motion Picture),Society,68,236306,False,0.561,0.327,11,-10.835,0,0.0327,0.902,0.000469,0.111,0.298,161.858,4,acoustic,https://api.spotify.com/v1/audio-analysis/3bHhUEOTIbezeZ856R0BX5,61.0,acoustic_rock grunge permanent_wave,3bHhUEOTIbezeZ856R0BX5,https://api.spotify.com/v1/tracks/3bHhUEOTIbezeZ856R0BX5,71,audio_features,spotify:track:3bHhUEOTIbezeZ856R0BX5
83,83,0wf17wsLRwnnfh241GkeH5,Gabrielle Aplin,u don't deserve me,Please Don't Say You Love Me,0,181400,False,0.479,0.541,0,-9.862,1,0.0543,0.74,0.0,0.108,0.3,85.994,4,acoustic,https://api.spotify.com/v1/audio-analysis/0wf17wsLRwnnfh241GkeH5,55.0,acoustic_pop indie_anthem-folk neo-singer-songwriter uk_pop viral_pop,0wf17wsLRwnnfh241GkeH5,https://api.spotify.com/v1/tracks/0wf17wsLRwnnfh241GkeH5,0,audio_features,spotify:track:0wf17wsLRwnnfh241GkeH5
84,84,3322ArxAq7wCSZI4fF77Q0,Gabrielle Aplin,Coffee Moment,Please Don't Say You Love Me,0,181400,False,0.479,0.541,0,-9.862,1,0.0543,0.74,0.0,0.108,0.3,85.994,4,acoustic,https://api.spotify.com/v1/audio-analysis/3322ArxAq7wCSZI4fF77Q0,55.0,acoustic_pop indie_anthem-folk neo-singer-songwriter uk_pop viral_pop,3322ArxAq7wCSZI4fF77Q0,https://api.spotify.com/v1/tracks/3322ArxAq7wCSZI4fF77Q0,1,audio_features,spotify:track:3322ArxAq7wCSZI4fF77Q0
85,85,4LGF2tDg3878bs0mQPByZ4,Eddie Vedder,Into The Wild (Music For The Motion Picture),Guaranteed,61,164500,False,0.436,0.4,7,-11.485,1,0.0272,0.904,0.00105,0.125,0.351,100.734,4,acoustic,https://api.spotify.com/v1/audio-analysis/4LGF2tDg3878bs0mQPByZ4,61.0,acoustic_rock grunge permanent_wave,4LGF2tDg3878bs0mQPByZ4,https://api.spotify.com/v1/tracks/4LGF2tDg3878bs0mQPByZ4,63,audio_features,spotify:track:4LGF2tDg3878bs0mQPByZ4
86,86,6Uy6K3KdmUdAfelUp0SeXn,Sara Bareilles,The Blessed Unrest,Brave,70,220573,False,0.551,0.836,10,-3.838,0,0.0524,0.00502,2.1e-05,0.0425,0.758,185.063,4,acoustic,https://api.spotify.com/v1/audio-analysis/6Uy6K3KdmUdAfelUp0SeXn,64.0,acoustic_pop ectofolk lilith neo_mellow pop_rock post-teen_pop viral_pop,6Uy6K3KdmUdAfelUp0SeXn,https://api.spotify.com/v1/tracks/6Uy6K3KdmUdAfelUp0SeXn,71,audio_features,spotify:track:6Uy6K3KdmUdAfelUp0SeXn
87,87,2z2JKNU24UEngb4joR9p8f,KT Tunstall,Slow Christmas Songs 2022,Lonely This Christmas,0,257493,False,0.409,0.153,6,-10.74,0,0.0306,0.939,2.56e-05,0.108,0.18,85.262,4,acoustic,https://api.spotify.com/v1/audio-analysis/2z2JKNU24UEngb4joR9p8f,61.0,ectofolk lilith neo_mellow pop_rock scottish_singer-songwriter,2z2JKNU24UEngb4joR9p8f,https://api.spotify.com/v1/tracks/2z2JKNU24UEngb4joR9p8f,0,audio_features,spotify:track:2z2JKNU24UEngb4joR9p8f
88,88,2nef44o0sjJDKB1ta4S0ub,KT Tunstall,Lonely Christmas 2022,Lonely This Christmas,0,257493,False,0.409,0.153,6,-10.74,0,0.0306,0.939,2.56e-05,0.108,0.18,85.262,4,acoustic,https://api.spotify.com/v1/audio-analysis/2nef44o0sjJDKB1ta4S0ub,61.0,ectofolk lilith neo_mellow pop_rock scottish_singer-songwriter,2nef44o0sjJDKB1ta4S0ub,https://api.spotify.com/v1/tracks/2nef44o0sjJDKB1ta4S0ub,0,audio_features,spotify:track:2nef44o0sjJDKB1ta4S0ub
89,89,0qJGlogD7AyMLAJfQ42aI2,Five For Fighting,Bookmarks,Heaven Knows,62,210612,False,0.6,0.845,10,-7.076,1,0.0311,0.048,0.0,0.24,0.392,97.631,4,acoustic,https://api.spotify.com/v1/audio-analysis/0qJGlogD7AyMLAJfQ42aI2,55.0,neo_mellow piano_rock pop_rock,0qJGlogD7AyMLAJfQ42aI2,https://api.spotify.com/v1/tracks/0qJGlogD7AyMLAJfQ42aI2,56,audio_features,spotify:track:0qJGlogD7AyMLAJfQ42aI2
90,90,04JS6OitE9VGsIS3S94Osg,The Civil Wars,Slow Christmas Songs 2022,I Heard The Bells On Christmas Day,0,154440,False,0.492,0.145,2,-14.504,0,0.0422,0.872,9.68e-06,0.107,0.218,90.078,4,acoustic,https://api.spotify.com/v1/audio-analysis/04JS6OitE9VGsIS3S94Osg,55.0,acoustic_pop indie_folk neo_mellow new_americana stomp_and_holler,04JS6OitE9VGsIS3S94Osg,https://api.spotify.com/v1/tracks/04JS6OitE9VGsIS3S94Osg,0,audio_features,spotify:track:04JS6OitE9VGsIS3S94Osg
91,91,5OGpsZeJRZ3t3MZioawcZW,The Civil Wars,Alternative Christmas 2022,I Heard The Bells On Christmas Day,0,154440,False,0.492,0.145,2,-14.504,0,0.0422,0.872,9.68e-06,0.107,0.218,90.078,4,acoustic,https://api.spotify.com/v1/audio-analysis/5OGpsZeJRZ3t3MZioawcZW,55.0,acoustic_pop indie_folk neo_mellow new_americana stomp_and_holler,5OGpsZeJRZ3t3MZioawcZW,https://api.spotify.com/v1/tracks/5OGpsZeJRZ3t3MZioawcZW,0,audio_features,spotify:track:5OGpsZeJRZ3t3MZioawcZW
92,92,3Vnes7v746dYzBn0FJTZ1W,KT Tunstall,Alternative Christmas 2022,Fairytale Of New York,0,263866,False,0.447,0.555,2,-6.018,1,0.0349,0.218,3.46e-06,0.124,0.33,117.888,3,acoustic,https://api.spotify.com/v1/audio-analysis/3Vnes7v746dYzBn0FJTZ1W,61.0,ectofolk lilith neo_mellow pop_rock scottish_singer-songwriter,3Vnes7v746dYzBn0FJTZ1W,https://api.spotify.com/v1/tracks/3Vnes7v746dYzBn0FJTZ1W,0,audio_features,spotify:track:3Vnes7v746dYzBn0FJTZ1W
93,93,30cYWLpVdBZVLb1cYdmcTT,The Civil Wars,Acoustic Christmas Campfire,I Heard The Bells On Christmas Day,0,154440,False,0.492,0.145,2,-14.504,0,0.0422,0.872,9.68e-06,0.107,0.218,90.078,4,acoustic,https://api.spotify.com/v1/audio-analysis/30cYWLpVdBZVLb1cYdmcTT,55.0,acoustic_pop indie_folk neo_mellow new_americana stomp_and_holler,30cYWLpVdBZVLb1cYdmcTT,https://api.spotify.com/v1/tracks/30cYWLpVdBZVLb1cYdmcTT,0,audio_features,spotify:track:30cYWLpVdBZVLb1cYdmcTT
94,94,7sUqJ51FGSi3n7x4pYjY3v,The Civil Wars,Lonely Christmas 2022,I Heard The Bells On Christmas Day,0,154440,False,0.492,0.145,2,-14.504,0,0.0422,0.872,9.68e-06,0.107,0.218,90.078,4,acoustic,https://api.spotify.com/v1/audio-analysis/7sUqJ51FGSi3n7x4pYjY3v,55.0,acoustic_pop indie_folk neo_mellow new_americana stomp_and_holler,7sUqJ51FGSi3n7x4pYjY3v,https://api.spotify.com/v1/tracks/7sUqJ51FGSi3n7x4pYjY3v,0,audio_features,spotify:track:7sUqJ51FGSi3n7x4pYjY3v
95,95,15BFn2VmEtonsXfNL1lUmy,The Civil Wars,Chill Christmas Dinner,I Heard The Bells On Christmas Day,0,154440,False,0.492,0.145,2,-14.504,0,0.0422,0.872,9.68e-06,0.107,0.218,90.078,4,acoustic,https://api.spotify.com/v1/audio-analysis/15BFn2VmEtonsXfNL1lUmy,55.0,acoustic_pop indie_folk neo_mellow new_americana stomp_and_holler,15BFn2VmEtonsXfNL1lUmy,https://api.spotify.com/v1/tracks/15BFn2VmEtonsXfNL1lUmy,0,audio_features,spotify:track:15BFn2VmEtonsXfNL1lUmy
96,96,0WOFJR54wyTwLB11jcBDb1,The Civil Wars,sadsadchristmas,I Heard The Bells On Christmas Day,0,154440,False,0.492,0.145,2,-14.504,0,0.0422,0.872,9.68e-06,0.107,0.218,90.078,4,acoustic,https://api.spotify.com/v1/audio-analysis/0WOFJR54wyTwLB11jcBDb1,55.0,acoustic_pop indie_folk neo_mellow new_americana stomp_and_holler,0WOFJR54wyTwLB11jcBDb1,https://api.spotify.com/v1/tracks/0WOFJR54wyTwLB11jcBDb1,0,audio_features,spotify:track:0WOFJR54wyTwLB11jcBDb1
97,97,1uDCw6LVMOmbZ6zRliNcNX,The Civil Wars,Christmas Country Songs 2022,I Heard The Bells On Christmas Day,0,154440,False,0.492,0.145,2,-14.504,0,0.0422,0.872,9.68e-06,0.107,0.218,90.078,4,acoustic,https://api.spotify.com/v1/audio-analysis/1uDCw6LVMOmbZ6zRliNcNX,55.0,acoustic_pop indie_folk neo_mellow new_americana stomp_and_holler,1uDCw6LVMOmbZ6zRliNcNX,https://api.spotify.com/v1/tracks/1uDCw6LVMOmbZ6zRliNcNX,0,audio_features,spotify:track:1uDCw6LVMOmbZ6zRliNcNX
98,98,7DYsBLdOqz0z14tYWMt2Tn,KT Tunstall,Del gusto de mamá,Hold On,0,177613,False,0.661,0.937,4,-5.157,0,0.0979,0.322,1.04e-06,0.19,0.805,105.549,4,acoustic,https://api.spotify.com/v1/audio-analysis/7DYsBLdOqz0z14tYWMt2Tn,61.0,ectofolk lilith neo_mellow pop_rock scottish_singer-songwriter,7DYsBLdOqz0z14tYWMt2Tn,https://api.spotify.com/v1/tracks/7DYsBLdOqz0z14tYWMt2Tn,0,audio_features,spotify:track:7DYsBLdOqz0z14tYWMt2Tn
99,99,7cPuE0M35EajWPRO3nRcH8,KT Tunstall,OO's Music Grandi Successi,Suddenly I See,0,199040,False,0.603,0.78,0,-5.531,1,0.0438,0.139,0.0,0.164,0.693,100.499,4,acoustic,https://api.spotify.com/v1/audio-analysis/7cPuE0M35EajWPRO3nRcH8,61.0,ectofolk lilith neo_mellow pop_rock scottish_singer-songwriter,7cPuE0M35EajWPRO3nRcH8,https://api.spotify.com/v1/tracks/7cPuE0M35EajWPRO3nRcH8,0,audio_features,spotify:track:7cPuE0M35EajWPRO3nRcH8
100,100,0U32q8CZRRo7xCzyiaZw5f,Motohiro Hata,言ノ葉,Rain,58,293040,False,0.626,0.655,9,-6.69,1,0.0263,0.503,0.0,0.13,0.542,92.003,4,acoustic,https://api.spotify.com/v1/audio-analysis/0U32q8CZRRo7xCzyiaZw5f,54.0,j-acoustic j-pop j-rock japanese_singer-songwriter,0U32q8CZRRo7xCzyiaZw5f,https://api.spotify.com/v1/tracks/0U32q8CZRRo7xCzyiaZw5f,52,audio_features,spotify:track:0U32q8CZRRo7xCzyiaZw5f
